"Date","Price","Open","High","Low","Vol.","Change %"
"Nov 26, 2021","1,785.50","1,789.60","1,816.30","1,778.60","-","-0.38%"
"Nov 25, 2021","1,792.40","1,789.80","1,795.30","1,787.75","-","0.45%"
"Nov 24, 2021","1,784.30","1,789.80","1,796.20","1,777.40","203.24K","0.03%"
"Nov 23, 2021","1,783.80","1,807.10","1,812.50","1,781.70","311.35K","-1.25%"
"Nov 22, 2021","1,806.30","1,848.30","1,850.40","1,802.40","352.86K","-2.45%"
"Nov 19, 2021","1,851.60","1,860.80","1,868.10","1,844.20","234.08K","-0.53%"
"Nov 18, 2021","1,861.40","1,869.50","1,873.30","1,856.60","186.06K","-0.47%"
"Nov 17, 2021","1,870.20","1,851.60","1,870.60","1,851.10","172.42K","0.87%"
"Nov 16, 2021","1,854.10","1,864.90","1,879.50","1,851.00","220.43K","-0.67%"
"Nov 15, 2021","1,866.60","1,872.60","1,873.00","1,858.50","221.21K","-0.10%"
"Nov 12, 2021","1,868.50","1,864.30","1,871.40","1,847.50","201.36K","0.25%"
"Nov 11, 2021","1,863.90","1,851.50","1,868.70","1,845.10","205.31K","0.84%"
"Nov 10, 2021","1,848.30","1,834.50","1,870.60","1,823.00","352.79K","0.96%"
"Nov 09, 2021","1,830.80","1,826.90","1,834.80","1,821.00","224.41K","0.15%"
"Nov 08, 2021","1,828.00","1,820.60","1,828.30","1,813.80","200.41K","0.62%"
"Nov 05, 2021","1,816.80","1,792.60","1,820.10","1,785.30","299.62K","1.30%"
"Nov 04, 2021","1,793.50","1,769.90","1,800.30","1,769.30","222.61K","1.68%"
"Nov 03, 2021","1,763.90","1,789.20","1,789.30","1,758.50","257.43K","-1.43%"
"Nov 02, 2021","1,789.40","1,794.80","1,797.80","1,787.40","145.79K","-0.36%"
"Nov 01, 2021","1,795.80","1,785.30","1,797.50","1,780.20","143.33K","0.67%"
"Oct 29, 2021","1,783.90","1,801.50","1,802.90","1,772.40","254.51K","-1.04%"
"Oct 28, 2021","1,802.60","1,798.70","1,812.70","1,793.10","220.88K","0.21%"
"Oct 27, 2021","1,798.80","1,795.00","1,801.00","1,784.30","182.80K","0.30%"
"Oct 26, 2021","1,793.40","1,808.70","1,809.80","1,783.00","197.93K","-0.74%"
"Oct 25, 2021","1,806.80","1,794.20","1,811.50","1,793.00","153.59K","0.58%"
"Oct 22, 2021","1,796.30","1,783.70","1,815.50","1,783.40","312.81K","0.81%"
"Oct 21, 2021","1,781.90","1,782.50","1,790.30","1,776.80","138.73K","-0.17%"
"Oct 20, 2021","1,784.90","1,769.40","1,789.60","1,767.10","174.08K","0.81%"
"Oct 19, 2021","1,770.50","1,764.80","1,786.00","1,763.40","166.97K","0.27%"
"Oct 18, 2021","1,765.70","1,767.50","1,772.50","1,760.30","152.74K","-0.15%"
"Oct 15, 2021","1,768.30","1,797.30","1,797.70","1,765.10","202.63K","-1.65%"
"Oct 14, 2021","1,797.90","1,793.60","1,801.90","1,787.60","164.65K","0.18%"
"Oct 13, 2021","1,794.70","1,760.40","1,797.40","1,757.90","299.04K","2.01%"
"Oct 12, 2021","1,759.30","1,753.60","1,770.00","1,750.50","168.11K","0.21%"
"Oct 11, 2021","1,755.70","1,757.40","1,761.10","1,749.90","114.77K","-0.10%"
"Oct 08, 2021","1,757.40","1,757.00","1,782.40","1,753.60","240.37K","-0.10%"
"Oct 07, 2021","1,759.20","1,763.80","1,767.70","1,752.00","146.41K","-0.15%"
"Oct 06, 2021","1,761.80","1,760.50","1,765.90","1,745.40","159.22K","0.05%"
"Oct 05, 2021","1,760.90","1,770.80","1,771.10","1,748.60","151.42K","-0.38%"
"Oct 04, 2021","1,767.60","1,762.60","1,771.50","1,747.70","166.18K","0.52%"
"Oct 01, 2021","1,758.40","1,757.20","1,765.20","1,749.90","151.20K","0.08%"
"Sep 30, 2021","1,757.00","1,726.00","1,765.00","1,721.80","246.37K","1.98%"
"Sep 29, 2021","1,722.90","1,734.00","1,746.00","1,721.10","177.39K","-0.84%"
"Sep 28, 2021","1,737.50","1,750.00","1,754.30","1,727.80","215.84K","-0.83%"
"Sep 27, 2021","1,752.00","1,751.80","1,760.90","1,744.70","137.57K","0.02%"
"Sep 24, 2021","1,751.70","1,743.70","1,758.00","1,740.20","151.55K","0.11%"
"Sep 23, 2021","1,749.80","1,769.20","1,777.10","1,737.50","225.46K","-1.63%"
"Sep 22, 2021","1,778.80","1,775.00","1,788.40","1,764.60","172.35K","0.03%"
"Sep 21, 2021","1,778.20","1,765.50","1,782.80","1,758.30","141.62K","0.82%"
"Sep 20, 2021","1,763.80","1,754.20","1,768.40","1,742.30","152.45K","0.71%"
"Sep 17, 2021","1,751.40","1,754.60","1,767.80","1,747.10","183.25K","-0.30%"
"Sep 16, 2021","1,756.70","1,795.50","1,797.30","1,745.50","255.27K","-2.12%"
"Sep 15, 2021","1,794.80","1,806.60","1,808.50","1,791.70","139.30K","-0.68%"
"Sep 14, 2021","1,807.10","1,794.80","1,810.60","1,780.60","197.95K","0.71%"
"Sep 13, 2021","1,794.40","1,789.80","1,800.20","1,784.40","114.31K","0.13%"
"Sep 10, 2021","1,792.10","1,796.20","1,806.00","1,788.20","136.25K","-0.44%"
"Sep 09, 2021","1,800.00","1,790.90","1,803.40","1,785.10","154.13K","0.36%"
"Sep 08, 2021","1,793.50","1,796.10","1,804.40","1,783.10","161.26K","-0.28%"
"Sep 07, 2021","1,798.50","1,833.50","1,833.50","1,793.70","252.48K","-1.49%"
"Sep 06, 2021","1,825.65","1,829.95","1,830.65","1,823.65","-","-0.24%"
"Sep 05, 2021","1,830.05","1,832.20","1,832.50","1,829.65","-","-0.20%"
"Sep 03, 2021","1,833.70","1,811.50","1,836.90","1,810.90","184.98K","1.23%"
"Sep 02, 2021","1,811.50","1,816.20","1,819.60","1,806.50","113.03K","-0.25%"
"Sep 01, 2021","1,816.00","1,816.70","1,822.70","1,810.60","140.12K","-0.12%"
"Aug 31, 2021","1,818.10","1,812.20","1,821.90","1,803.40","170.39K","0.33%"
"Aug 30, 2021","1,812.20","1,821.60","1,826.50","1,810.00","104.88K","-0.40%"
"Aug 27, 2021","1,819.50","1,795.20","1,821.90","1,785.20","203.64K","1.35%"
"Aug 26, 2021","1,795.20","1,793.00","1,800.40","1,781.30","134.53K","0.23%"
"Aug 25, 2021","1,791.00","1,805.10","1,805.30","1,784.00","163.46K","-0.97%"
"Aug 24, 2021","1,808.50","1,807.60","1,812.20","1,802.60","114.79K","0.12%"
"Aug 23, 2021","1,806.30","1,781.20","1,809.10","1,778.00","156.32K","1.25%"
"Aug 20, 2021","1,784.00","1,782.80","1,791.00","1,780.00","107.97K","0.05%"
"Aug 19, 2021","1,783.10","1,789.50","1,795.00","1,774.60","151.25K","-0.07%"
"Aug 18, 2021","1,784.40","1,787.80","1,795.70","1,778.80","132.73K","-0.19%"
"Aug 17, 2021","1,787.80","1,789.10","1,797.60","1,782.10","144.82K","-0.11%"
"Aug 16, 2021","1,789.80","1,780.90","1,791.30","1,772.00","137.70K","0.65%"
"Aug 13, 2021","1,778.20","1,754.40","1,781.90","1,753.00","144.81K","1.51%"
"Aug 12, 2021","1,751.80","1,752.90","1,759.60","1,742.60","137.12K","-0.09%"
"Aug 11, 2021","1,753.30","1,730.40","1,756.70","1,724.60","185.44K","1.25%"
"Aug 10, 2021","1,731.70","1,732.00","1,739.40","1,718.50","182.56K","0.30%"
"Aug 09, 2021","1,726.50","1,765.00","1,765.70","1,677.90","289.54K","-2.08%"
"Aug 06, 2021","1,763.10","1,806.70","1,807.00","1,759.50","323.15K","-2.53%"
"Aug 05, 2021","1,808.90","1,814.90","1,817.90","1,799.70","169.84K","-0.31%"
"Aug 04, 2021","1,814.50","1,813.70","1,835.90","1,808.30","244.68K","0.02%"
"Aug 03, 2021","1,814.10","1,816.80","1,818.20","1,809.50","103.45K","-0.44%"
"Aug 02, 2021","1,822.20","1,817.00","1,823.20","1,808.20","159.76K","0.28%"
"Jul 30, 2021","1,817.20","1,832.50","1,835.50","1,813.10","157.14K","-1.01%"
"Jul 29, 2021","1,835.80","1,811.50","1,837.50","1,810.90","212.07K","1.73%"
"Jul 28, 2021","1,804.60","1,802.40","1,813.90","1,795.60","198.60K","0.03%"
"Jul 27, 2021","1,804.00","1,801.50","1,809.50","1,796.90","77.69K","0.27%"
"Jul 26, 2021","1,799.20","1,802.30","1,812.00","1,796.00","204.55K","-0.14%"
"Jul 23, 2021","1,801.80","1,807.70","1,810.70","1,789.10","236.76K","-0.20%"
"Jul 22, 2021","1,805.40","1,803.90","1,808.40","1,791.90","193.32K","0.11%"
"Jul 21, 2021","1,803.40","1,810.60","1,814.40","1,794.30","218.64K","-0.44%"
"Jul 20, 2021","1,811.40","1,813.50","1,825.90","1,805.20","221.14K","0.12%"
"Jul 19, 2021","1,809.20","1,811.60","1,818.00","1,795.00","249.68K","-0.32%"
"Jul 16, 2021","1,815.00","1,830.70","1,832.70","1,809.50","184.66K","-0.77%"
"Jul 15, 2021","1,829.00","1,828.70","1,835.00","1,820.60","175.61K","0.22%"
"Jul 14, 2021","1,825.00","1,808.30","1,831.10","1,804.90","229.88K","0.83%"
"Jul 13, 2021","1,809.90","1,806.70","1,818.00","1,798.70","242.18K","0.22%"
"Jul 12, 2021","1,805.90","1,808.50","1,811.00","1,791.00","201.42K","-0.26%"
"Jul 09, 2021","1,810.60","1,803.20","1,813.00","1,796.60","185.58K","0.58%"
"Jul 08, 2021","1,800.20","1,803.80","1,819.50","1,793.50","249.34K","-0.11%"
"Jul 07, 2021","1,802.10","1,797.00","1,810.20","1,794.10","171.08K","0.44%"
"Jul 06, 2021","1,794.20","1,787.50","1,815.70","1,784.70","276.60K","0.16%"
"Jul 05, 2021","1,791.30","1,786.50","1,794.65","1,784.75","-","0.27%"
"Jul 04, 2021","1,786.40","1,788.00","1,788.00","1,785.80","-","0.17%"
"Jul 02, 2021","1,783.30","1,777.50","1,795.90","1,774.40","205.86K","0.37%"
"Jul 01, 2021","1,776.80","1,770.80","1,783.40","1,765.90","171.44K","0.29%"
"Jun 30, 2021","1,771.60","1,761.90","1,774.70","1,753.20","177.89K","0.45%"
"Jun 29, 2021","1,763.60","1,778.80","1,779.20","1,750.10","239.91K","-0.96%"
"Jun 28, 2021","1,780.70","1,782.00","1,786.10","1,770.40","160.79K","0.16%"
"Jun 25, 2021","1,777.80","1,775.70","1,791.00","1,773.60","161.20K","0.06%"
"Jun 24, 2021","1,776.70","1,778.20","1,788.60","1,772.70","152.23K","-0.38%"
"Jun 23, 2021","1,783.40","1,779.10","1,795.60","1,773.10","179.27K","0.34%"
"Jun 22, 2021","1,777.40","1,783.20","1,790.10","1,771.20","172.75K","-0.31%"
"Jun 21, 2021","1,782.90","1,764.30","1,786.90","1,764.10","195.52K","0.79%"
"Jun 18, 2021","1,769.00","1,773.90","1,797.90","1,761.20","264.61K","-0.33%"
"Jun 17, 2021","1,774.80","1,812.30","1,826.40","1,767.90","385.89K","-4.65%"
"Jun 16, 2021","1,861.40","1,861.00","1,866.00","1,804.40","234.10K","0.27%"
"Jun 15, 2021","1,856.40","1,867.80","1,870.90","1,853.00","155.34K","-0.51%"
"Jun 14, 2021","1,865.90","1,879.60","1,879.70","1,845.70","242.30K","-0.73%"
"Jun 11, 2021","1,879.60","1,901.90","1,906.20","1,876.10","220.46K","-0.89%"
"Jun 10, 2021","1,896.40","1,891.40","1,903.00","1,871.80","250.55K","0.05%"
"Jun 09, 2021","1,895.50","1,894.40","1,901.70","1,889.30","147.33K","0.06%"
"Jun 08, 2021","1,894.40","1,901.60","1,906.90","1,885.70","173.60K","-0.23%"
"Jun 07, 2021","1,898.80","1,894.30","1,902.90","1,883.70","146.02K","0.36%"
"Jun 04, 2021","1,892.00","1,872.70","1,899.00","1,855.60","228.83K","1.00%"
"Jun 03, 2021","1,873.30","1,910.50","1,912.30","1,866.70","278.58K","-1.92%"
"Jun 02, 2021","1,909.90","1,903.00","1,911.80","1,896.40","166.04K","0.26%"
"Jun 01, 2021","1,905.00","1,906.80","1,919.20","1,894.50","290.65K","-0.32%"
"May 31, 2021","1,911.15","1,906.80","1,913.40","1,904.85","-","0.23%"
"May 30, 2021","1,906.75","1,907.60","1,907.90","1,906.10","-","0.08%"
"May 28, 2021","1,905.30","1,899.80","1,908.80","1,884.30","198.14K","0.36%"
"May 27, 2021","1,898.50","1,899.30","1,906.50","1,890.80","211.79K","-0.28%"
"May 26, 2021","1,903.80","1,902.40","1,915.60","1,893.00","178.18K","0.17%"
"May 25, 2021","1,900.50","1,883.40","1,903.70","1,875.40","176.60K","0.73%"
"May 24, 2021","1,886.70","1,885.60","1,890.00","1,877.90","55.84K","0.42%"
"May 21, 2021","1,878.90","1,880.40","1,892.30","1,872.50","53.04K","-0.27%"
"May 20, 2021","1,883.90","1,872.20","1,887.20","1,866.20","44.91K","0.03%"
"May 19, 2021","1,883.40","1,872.20","1,893.20","1,854.40","58.81K","0.71%"
"May 18, 2021","1,870.10","1,869.10","1,877.80","1,865.60","49.55K","0.03%"
"May 17, 2021","1,869.60","1,843.50","1,871.10","1,843.10","42.11K","1.61%"
"May 14, 2021","1,840.00","1,829.30","1,849.00","1,821.30","24.14K","0.76%"
"May 13, 2021","1,826.10","1,816.60","1,830.90","1,810.70","41.80K","0.07%"
"May 12, 2021","1,824.80","1,840.20","1,846.50","1,815.00","55.16K","-0.72%"
"May 11, 2021","1,838.10","1,837.60","1,844.30","1,819.80","71.63K","-0.09%"
"May 10, 2021","1,839.80","1,836.10","1,848.40","1,832.80","64.97K","0.34%"
"May 07, 2021","1,833.50","1,817.30","1,846.50","1,815.70","26.44K","0.86%"
"May 06, 2021","1,817.90","1,789.00","1,820.50","1,784.10","23.09K","1.76%"
"May 05, 2021","1,786.50","1,780.90","1,790.20","1,771.50","20.46K","0.47%"
"May 04, 2021","1,778.20","1,795.10","1,801.60","1,771.60","9.94K","-0.88%"
"May 03, 2021","1,794.00","1,770.40","1,800.80","1,768.50","7.92K","1.37%"
"Apr 30, 2021","1,769.80","1,773.90","1,775.00","1,765.60","17.31K","-0.04%"
"Apr 29, 2021","1,770.50","1,784.20","1,791.50","1,756.80","8.69K","-0.32%"
"Apr 28, 2021","1,776.10","1,777.30","1,784.70","1,763.90","5.98K","-0.28%"
"Apr 27, 2021","1,781.00","1,783.20","1,787.80","1,776.60","7.80K","-0.07%"
"Apr 26, 2021","1,782.30","1,776.00","1,784.90","1,770.80","3.72K","0.13%"
"Apr 23, 2021","1,779.90","1,786.30","1,798.20","1,771.70","5.12K","-0.23%"
"Apr 22, 2021","1,784.00","1,797.00","1,800.00","1,779.30","2.13K","-0.62%"
"Apr 21, 2021","1,795.20","1,780.60","1,800.00","1,779.00","3.26K","0.83%"
"Apr 20, 2021","1,780.40","1,772.70","1,782.60","1,765.80","1.91K","0.43%"
"Apr 19, 2021","1,772.70","1,780.10","1,791.70","1,768.60","1.87K","-0.53%"
"Apr 16, 2021","1,782.20","1,766.20","1,786.20","1,763.70","2.57K","0.76%"
"Apr 15, 2021","1,768.80","1,738.80","1,772.40","1,736.80","3.88K","1.76%"
"Apr 14, 2021","1,738.20","1,748.40","1,752.50","1,734.70","2.79K","-0.65%"
"Apr 13, 2021","1,749.50","1,734.70","1,751.20","1,725.50","4.27K","0.86%"
"Apr 12, 2021","1,734.60","1,745.20","1,748.00","1,729.60","3.63K","-0.70%"
"Apr 09, 2021","1,746.80","1,757.30","1,759.00","1,732.90","4.02K","-0.77%"
"Apr 08, 2021","1,760.30","1,739.50","1,761.20","1,735.80","4.00K","0.96%"
"Apr 07, 2021","1,743.60","1,746.60","1,747.20","1,734.00","1.72K","-0.08%"
"Apr 06, 2021","1,745.00","1,731.80","1,748.30","1,730.70","3.87K","0.83%"
"Apr 05, 2021","1,730.70","1,732.10","1,735.90","1,723.60","1.37K","0.02%"
"Apr 01, 2021","1,730.30","1,711.40","1,733.20","1,708.80","2.20K","0.75%"
"Mar 31, 2021","1,717.50","1,687.30","1,718.10","1,679.40","2.71K","1.75%"
"Mar 30, 2021","1,687.90","1,714.80","1,715.80","1,680.60","2.72K","-1.67%"
"Mar 29, 2021","1,716.50","1,736.30","1,736.30","1,707.50","4.05K","-1.15%"
"Mar 26, 2021","1,736.50","1,729.90","1,738.90","1,723.20","3.39K","0.43%"
"Mar 25, 2021","1,729.10","1,738.00","1,748.80","1,725.00","2.95K","-0.47%"
"Mar 24, 2021","1,737.20","1,730.70","1,741.50","1,729.00","3.96K","0.45%"
"Mar 23, 2021","1,729.50","1,743.10","1,746.00","1,727.20","3.55K","-0.74%"
"Mar 22, 2021","1,742.40","1,745.00","1,745.90","1,730.70","2.56K","-0.19%"
"Mar 19, 2021","1,745.80","1,739.50","1,750.00","1,731.70","2.72K","0.54%"
"Mar 18, 2021","1,736.50","1,751.20","1,758.00","1,722.10","1.44K","0.31%"
"Mar 17, 2021","1,731.10","1,732.00","1,754.00","1,727.50","1.69K","-0.24%"
"Mar 16, 2021","1,735.20","1,733.70","1,743.80","1,731.00","1.39K","0.08%"
"Mar 15, 2021","1,733.80","1,730.00","1,737.30","1,724.80","0.55K","0.55%"
"Mar 12, 2021","1,724.30","1,726.30","1,732.40","1,701.60","1.14K","-0.17%"
"Mar 11, 2021","1,727.20","1,729.50","1,742.50","1,722.50","4.24K","0.04%"
"Mar 10, 2021","1,726.50","1,719.50","1,728.70","1,711.30","7.20K","0.27%"
"Mar 09, 2021","1,721.90","1,687.30","1,722.30","1,687.30","4.59K","2.32%"
"Mar 08, 2021","1,682.90","1,711.80","1,715.70","1,678.40","7.90K","-1.23%"
"Mar 05, 2021","1,703.80","1,696.80","1,709.70","1,690.80","3.17K","-0.12%"
"Mar 04, 2021","1,705.90","1,712.20","1,725.60","1,693.00","4.05K","-0.88%"
"Mar 03, 2021","1,721.00","1,734.60","1,734.60","1,705.00","2.19K","-1.02%"
"Mar 02, 2021","1,738.80","1,725.50","1,742.60","1,709.70","3.86K","0.61%"
"Mar 01, 2021","1,728.20","1,738.10","1,762.00","1,723.00","1.83K","-0.33%"
"Feb 26, 2021","1,734.00","1,773.60","1,777.00","1,720.80","5.07K","-2.63%"
"Feb 25, 2021","1,780.80","1,805.50","1,805.50","1,769.90","1.97K","-1.22%"
"Feb 24, 2021","1,802.80","1,810.50","1,814.80","1,787.90","0.90K","-0.43%"
"Feb 23, 2021","1,810.50","1,816.80","1,817.40","1,799.70","0.93K","-0.15%"
"Feb 22, 2021","1,813.20","1,791.00","1,816.80","1,786.40","0.78K","1.74%"
"Feb 19, 2021","1,782.20","1,771.30","1,794.40","1,765.00","1.11K","0.13%"
"Feb 18, 2021","1,779.90","1,784.60","1,792.60","1,773.20","1.48K","0.12%"
"Feb 17, 2021","1,777.70","1,792.00","1,798.00","1,773.00","1.97K","-1.45%"
"Feb 16, 2021","1,803.90","1,826.60","1,831.00","1,793.50","1.98K","-0.82%"
"Feb 15, 2021","1,818.75","1,820.90","1,827.00","1,815.60","-","-0.13%"
"Feb 14, 2021","1,821.05","1,822.45","1,826.30","1,820.15","-","-0.39%"
"Feb 12, 2021","1,828.10","1,825.90","1,835.00","1,817.90","1.24K","-0.21%"
"Feb 11, 2021","1,832.00","1,842.20","1,850.80","1,826.90","1.20K","-0.85%"
"Feb 10, 2021","1,847.70","1,840.00","1,860.60","1,840.00","2.06K","0.29%"
"Feb 09, 2021","1,842.40","1,836.70","1,853.00","1,836.70","1.36K","0.19%"
"Feb 08, 2021","1,838.90","1,820.70","1,844.00","1,814.10","2.78K","1.16%"
"Feb 05, 2021","1,817.80","1,801.80","1,820.40","1,797.80","1.47K","1.22%"
"Feb 04, 2021","1,795.90","1,838.00","1,838.00","1,790.30","1.74K","-2.38%"
"Feb 03, 2021","1,839.60","1,844.30","1,847.20","1,834.80","1.21K","0.11%"
"Feb 02, 2021","1,837.60","1,866.70","1,869.10","1,835.20","1.19K","-1.60%"
"Feb 01, 2021","1,867.40","1,864.60","1,874.60","1,858.50","3.44K","0.68%"
"Jan 29, 2021","1,854.70","1,847.60","1,881.80","1,847.60","1.91K","0.48%"
"Jan 28, 2021","1,845.80","1,846.20","1,870.40","1,841.50","0.81K","-0.43%"
"Jan 27, 2021","1,853.80","1,858.60","1,858.60","1,843.00","1.26K","-0.32%"
"Jan 26, 2021","1,859.80","1,868.60","1,868.60","1,857.00","1.71K","-0.22%"
"Jan 25, 2021","1,863.90","1,864.40","1,874.40","1,855.00","1.66K","-0.05%"
"Jan 22, 2021","1,864.80","1,871.30","1,871.30","1,845.00","1.12K","-0.49%"
"Jan 21, 2021","1,874.00","1,876.90","1,882.70","1,869.20","1.81K","-0.04%"
"Jan 20, 2021","1,874.80","1,853.10","1,880.00","1,840.00","1.02K","1.40%"
"Jan 19, 2021","1,849.00","1,832.80","1,850.70","1,810.00","1.63K","0.68%"
"Jan 18, 2021","1,836.60","1,809.65","1,839.45","1,809.65","-","1.48%"
"Jan 17, 2021","1,809.75","1,826.80","1,829.10","1,803.60","-","-1.59%"
"Jan 15, 2021","1,839.00","1,857.90","1,863.40","1,832.30","0.54K","-1.18%"
"Jan 14, 2021","1,861.00","1,856.90","1,866.20","1,836.60","1.94K","-0.19%"
"Jan 13, 2021","1,864.60","1,867.20","1,871.00","1,851.60","1.82K","0.57%"
"Jan 12, 2021","1,854.10","1,860.20","1,873.20","1,846.00","1.40K","-0.37%"
"Jan 11, 2021","1,860.90","1,853.40","1,861.30","1,828.20","1.37K","0.84%"
"Jan 08, 2021","1,845.40","1,919.70","1,920.60","1,844.00","3.45K","-4.09%"
"Jan 07, 2021","1,924.00","1,933.80","1,938.00","1,920.70","3.30K","0.24%"
"Jan 06, 2021","1,919.40","1,965.60","1,971.50","1,914.40","3.81K","-2.33%"
"Jan 05, 2021","1,965.20","1,955.00","1,965.90","1,953.70","2.22K","0.39%"
"Jan 04, 2021","1,957.60","1,927.20","1,959.20","1,926.90","1.25K","2.94%"
"Jan 01, 2021","1,901.60","1,901.60","1,901.60","1,901.60","-","-0.22%"
"Dec 31, 2020","1,905.80","1,910.00","1,915.20","1,902.90","0.73K","0.09%"
"Dec 30, 2020","1,904.00","1,896.50","1,906.40","1,891.20","0.66K","0.56%"
"Dec 29, 2020","1,893.40","1,893.20","1,900.30","1,890.50","0.37K","0.14%"
"Dec 28, 2020","1,890.80","1,900.80","1,912.00","1,885.80","0.54K","-0.12%"
"Dec 24, 2020","1,893.10","1,888.90","1,897.00","1,886.90","0.18K","0.29%"
"Dec 23, 2020","1,887.60","1,881.50","1,892.30","1,872.60","0.44K","0.40%"
"Dec 22, 2020","1,880.00","1,891.10","1,892.00","1,875.60","0.69K","-0.64%"
"Dec 21, 2020","1,892.20","1,916.40","1,920.90","1,872.00","0.56K","-0.32%"
"Dec 18, 2020","1,898.20","1,893.60","1,903.70","1,892.10","0.57K","-0.07%"
"Dec 17, 2020","1,899.50","1,876.10","1,910.00","1,876.10","0.35K","1.69%"
"Dec 16, 2020","1,867.90","1,871.20","1,876.00","1,864.90","0.85K","0.16%"
"Dec 15, 2020","1,864.90","1,850.20","1,865.70","1,850.20","0.50K","1.25%"
"Dec 14, 2020","1,841.90","1,848.30","1,849.10","1,830.00","0.68K","-0.60%"
"Dec 11, 2020","1,853.10","1,848.90","1,859.50","1,836.60","2.14K","0.34%"
"Dec 10, 2020","1,846.90","1,849.60","1,857.10","1,840.80","2.72K","-0.04%"
"Dec 09, 2020","1,847.70","1,883.10","1,883.10","1,844.00","1.66K","-1.94%"
"Dec 08, 2020","1,884.20","1,877.00","1,886.60","1,874.50","1.91K","0.47%"
"Dec 07, 2020","1,875.30","1,847.90","1,880.40","1,834.20","2.15K","1.42%"
"Dec 04, 2020","1,849.00","1,850.00","1,860.40","1,842.80","0.91K","0.00%"
"Dec 03, 2020","1,849.00","1,843.60","1,854.40","1,836.10","0.91K","0.58%"
"Dec 02, 2020","1,838.40","1,820.60","1,843.00","1,820.60","1.15K","0.58%"
"Dec 01, 2020","1,827.80","1,789.40","1,829.70","1,789.40","1.45K","2.10%"
"Nov 30, 2020","1,790.20","1,798.80","1,798.80","1,776.60","0.89K","-0.41%"
"Nov 27, 2020","1,797.50","1,824.00","1,826.40","1,787.00","0.55K","-0.53%"
"Nov 26, 2020","1,807.00","1,806.25","1,816.80","1,804.20","-","-0.73%"
"Nov 25, 2020","1,820.20","1,821.70","1,829.90","1,818.40","0.74K","-0.02%"
"Nov 24, 2020","1,820.60","1,850.80","1,851.20","1,817.50","0.74K","-1.82%"
"Nov 23, 2020","1,854.30","1,885.20","1,889.60","1,846.50","0.78K","-1.80%"
"Nov 20, 2020","1,888.20","1,882.70","1,894.00","1,881.70","0.28K","0.58%"
"Nov 19, 2020","1,877.40","1,873.30","1,877.50","1,870.00","0.17K","-0.64%"
"Nov 18, 2020","1,889.50","1,892.50","1,893.60","1,882.00","0.58K","-0.69%"
"Nov 17, 2020","1,902.60","1,906.20","1,906.20","1,903.50","0.42K","-0.18%"
"Nov 16, 2020","1,906.00","1,903.10","1,904.70","1,903.00","0.22K","-0.02%"
"Nov 13, 2020","1,906.30","1,894.90","1,913.90","1,894.90","0.45K","0.68%"
"Nov 12, 2020","1,893.50","1,889.90","1,901.60","1,889.90","0.91K","0.66%"
"Nov 11, 2020","1,881.10","1,897.10","1,900.30","1,874.00","0.40K","-0.83%"
"Nov 10, 2020","1,896.90","1,893.80","1,903.90","1,888.10","0.37K","1.19%"
"Nov 09, 2020","1,874.50","1,978.40","1,978.40","1,871.90","0.57K","-4.99%"
"Nov 06, 2020","1,973.00","1,961.50","1,977.70","1,958.10","0.43K","0.29%"
"Nov 05, 2020","1,967.30","1,948.40","1,968.30","1,948.40","0.16K","2.67%"
"Nov 04, 2020","1,916.10","1,916.70","1,928.50","1,908.10","0.23K","-0.73%"
"Nov 03, 2020","1,930.10","1,912.60","1,928.00","1,912.60","0.22K","0.92%"
"Nov 02, 2020","1,912.50","1,896.80","1,914.90","1,896.80","0.12K","0.66%"
"Oct 30, 2020","1,899.90","1,908.00","1,908.00","1,897.60","0.16K","0.62%"
"Oct 29, 2020","1,888.20","1,886.20","1,886.20","1,884.00","0.62K","-0.62%"
"Oct 28, 2020","1,900.00","1,928.90","1,928.90","1,897.30","0.08K","-1.70%"
"Oct 27, 2020","1,932.90","1,921.40","1,933.50","1,921.40","0.06K","0.30%"
"Oct 26, 2020","1,927.10","1,919.00","1,926.10","1,919.00","0.06K","0.04%"
"Oct 23, 2020","1,926.40","1,926.30","1,926.40","1,924.60","0.04K","0.04%"
"Oct 22, 2020","1,925.70","1,940.50","1,940.50","1,907.60","0.18K","-1.26%"
"Oct 21, 2020","1,950.30","1,925.10","1,948.60","1,925.10","0.16K","0.72%"
"Oct 20, 2020","1,936.30","1,922.90","1,936.60","1,921.90","0.11K","0.17%"
"Oct 19, 2020","1,933.00","1,941.90","1,941.90","1,941.90","0.12K","0.24%"
"Oct 16, 2020","1,928.30","1,934.40","1,934.40","1,927.50","0.06K","-0.13%"
"Oct 15, 2020","1,930.80","1,923.20","1,923.20","1,919.20","0.18K","0.05%"
"Oct 14, 2020","1,929.80","1,929.40","1,929.40","1,926.70","0.25K","0.68%"
"Oct 13, 2020","1,916.70","1,937.50","1,949.60","1,915.80","0.23K","-1.74%"
"Oct 12, 2020","1,950.70","1,953.50","1,957.70","1,948.70","0.22K","0.15%"
"Oct 09, 2020","1,947.80","1,930.50","1,956.20","1,929.50","0.23K","1.62%"
"Oct 08, 2020","1,916.80","1,902.80","1,916.20","1,899.00","0.21K","0.27%"
"Oct 07, 2020","1,911.60","1,894.50","1,911.40","1,890.00","0.19K","-0.87%"
"Oct 06, 2020","1,928.30","1,937.20","1,942.20","1,900.50","0.10K","-0.55%"
"Oct 05, 2020","1,939.00","1,937.00","1,937.00","1,937.00","0.11K","0.64%"
"Oct 02, 2020","1,926.60","1,929.60","1,933.70","1,921.30","0.12K","-0.45%"
"Oct 01, 2020","1,935.40","1,927.60","1,935.50","1,921.20","0.18K","1.09%"
"Sep 30, 2020","1,914.60","1,915.30","1,918.90","1,905.20","0.05K","-0.39%"
"Sep 29, 2020","1,922.10","1,907.40","1,921.20","1,907.40","0.05K","1.11%"
"Sep 28, 2020","1,901.00","1,883.70","1,905.50","1,872.00","0.35K","0.86%"
"Sep 25, 2020","1,884.80","1,885.10","1,885.10","1,880.00","0.06K","-0.53%"
"Sep 24, 2020","1,894.90","1,879.90","1,892.60","1,874.70","0.26K","0.42%"
"Sep 23, 2020","1,887.00","1,924.60","1,924.60","1,876.30","0.57K","-2.10%"
"Sep 22, 2020","1,927.50","1,937.90","1,940.50","1,925.50","0.09K","-0.13%"
"Sep 21, 2020","1,930.00","1,978.20","1,978.90","1,913.50","0.19K","-2.62%"
"Sep 18, 2020","1,981.90","1,974.20","1,982.00","1,973.60","0.08K","0.64%"
"Sep 17, 2020","1,969.30","1,970.80","1,974.40","1,965.30","0.13K","-1.07%"
"Sep 16, 2020","1,990.70","1,989.10","1,997.90","1,985.00","0.11K","0.22%"
"Sep 15, 2020","1,986.40","1,986.10","1,997.50","1,981.00","0.04K","0.13%"
"Sep 14, 2020","1,983.90","1,974.10","1,987.80","1,972.80","0.12K","0.84%"
"Sep 11, 2020","1,967.40","1,971.30","1,975.80","1,966.50","0.10K","-0.80%"
"Sep 10, 2020","1,983.20","1,971.10","1,991.40","1,969.40","0.21K","0.52%"
"Sep 09, 2020","1,972.90","1,952.90","1,973.60","1,946.40","0.21K","0.57%"
"Sep 08, 2020","1,961.80","1,957.50","1,965.90","1,938.80","0.88K","1.28%"
"Sep 07, 2020","1,937.10","1,940.70","1,947.40","1,930.45","-","-0.18%"
"Sep 06, 2020","1,940.65","1,941.90","1,944.30","1,937.65","-","-0.62%"
"Sep 04, 2020","1,952.80","1,956.60","1,959.50","1,951.90","0.17K","-0.16%"
"Sep 03, 2020","1,956.00","1,970.00","1,972.80","1,953.10","0.73K","-0.43%"
"Sep 02, 2020","1,964.50","1,988.30","1,990.90","1,959.90","0.70K","-1.72%"
"Sep 01, 2020","1,998.80","2,018.60","2,018.60","1,995.00","0.24K","-0.02%"
"Aug 31, 2020","1,999.10","1,991.10","2,002.30","1,991.10","0.28K","0.30%"
"Aug 28, 2020","1,993.20","1,956.50","1,992.70","1,951.30","0.31K","2.05%"
"Aug 27, 2020","1,953.10","1,970.10","1,970.30","1,940.70","0.17K","-1.08%"
"Aug 26, 2020","1,974.40","1,952.90","1,952.90","1,942.10","0.16K","1.50%"
"Aug 25, 2020","1,945.20","1,965.20","1,965.20","1,944.00","0.02K","-0.87%"
"Aug 24, 2020","1,962.30","1,962.50","1,979.40","1,955.90","0.11K","-0.37%"
"Aug 21, 2020","1,969.60","1,982.30","1,982.30","1,959.90","0.12K","0.01%"
"Aug 20, 2020","1,969.50","1,955.60","1,976.00","1,955.50","0.09K","-1.15%"
"Aug 19, 2020","1,992.50","2,036.00","2,036.00","1,952.40","0.33K","-2.15%"
"Aug 18, 2020","2,036.20","2,024.40","2,041.10","2,023.20","0.08K","0.72%"
"Aug 17, 2020","2,021.60","1,981.70","2,012.30","1,971.60","0.11K","2.27%"
"Aug 14, 2020","1,976.80","1,996.30","1,996.90","1,971.00","0.13K","-1.08%"
"Aug 13, 2020","1,998.30","1,973.90","1,993.90","1,971.60","0.03K","1.10%"
"Aug 12, 2020","1,976.50","1,955.60","1,986.90","1,913.00","0.11K","0.02%"
"Aug 11, 2020","1,976.10","2,056.50","2,062.20","1,953.50","0.34K","-4.65%"
"Aug 10, 2020","2,072.40","2,068.70","2,080.00","2,065.00","0.09K","0.53%"
"Aug 07, 2020","2,061.40","2,120.00","2,120.00","2,060.00","0.39K","-1.99%"
"Aug 06, 2020","2,103.20","2,086.70","2,115.00","2,085.90","0.40K","1.03%"
"Aug 05, 2020","2,081.70","2,070.00","2,100.00","2,063.00","0.38K","1.42%"
"Aug 04, 2020","2,052.60","2,024.60","2,068.40","2,018.70","0.39K","1.73%"
"Aug 03, 2020","2,017.70","2,026.90","2,040.00","2,015.40","0.42K","0.03%"
"Jul 31, 2020","2,017.10","2,005.20","2,035.00","2,005.20","0.27K","0.97%"
"Jul 30, 2020","1,997.70","2,016.00","2,016.00","1,988.90","0.03K","-0.50%"
"Jul 29, 2020","2,007.70","2,001.00","2,025.00","2,001.00","0.16K","0.56%"
"Jul 28, 2020","1,996.60","2,008.10","2,028.10","1,967.20","0.16K","0.42%"
"Jul 27, 2020","1,988.30","1,964.80","1,999.90","1,964.80","0.18K","1.57%"
"Jul 24, 2020","1,957.50","1,941.80","1,961.00","1,941.00","0.31K","0.53%"
"Jul 23, 2020","1,947.20","1,923.30","1,945.00","1,923.30","0.57K","1.47%"
"Jul 22, 2020","1,919.00","1,909.50","1,924.20","1,906.40","0.13K","1.43%"
"Jul 21, 2020","1,891.90","1,867.60","1,891.30","1,867.00","0.14K","1.67%"
"Jul 20, 2020","1,860.80","1,862.00","1,862.40","1,862.00","0.03K","0.35%"
"Jul 17, 2020","1,854.30","1,840.60","1,851.00","1,840.10","0.01K","0.37%"
"Jul 16, 2020","1,847.40","1,856.00","1,856.00","1,856.00","0.03K","-0.83%"
"Jul 15, 2020","1,862.80","1,862.30","1,863.10","1,854.30","0.10K","0.01%"
"Jul 14, 2020","1,862.70","1,850.00","1,863.90","1,850.00","0.06K","-0.11%"
"Jul 13, 2020","1,864.80","1,857.30","1,858.30","1,857.30","0.10K","0.69%"
"Jul 10, 2020","1,852.00","1,853.70","1,853.70","1,851.30","0.12K","-0.11%"
"Jul 09, 2020","1,854.00","1,871.90","1,871.90","1,871.90","0.12K","-0.92%"
"Jul 08, 2020","1,871.20","1,851.80","1,867.60","1,851.80","0.25K","1.05%"
"Jul 07, 2020","1,851.80","1,833.90","1,853.60","1,833.90","0.30K","1.15%"
"Jul 06, 2020","1,830.80","1,825.80","1,828.60","1,825.80","1.74K","2.42%"
"Jul 03, 2020","1,787.60","1,786.90","1,788.70","1,783.65","-","-2.05%"
"Jul 02, 2020","1,825.00","1,799.00","1,821.30","1,798.80","0.17K","0.56%"
"Jul 01, 2020","1,814.80","1,830.00","1,838.00","1,830.00","0.45K","-1.00%"
"Jun 30, 2020","1,833.20","1,816.90","1,835.00","1,813.90","0.04K","1.14%"
"Jun 29, 2020","1,812.60","1,816.50","1,816.50","1,811.20","0.09K","0.10%"
"Jun 26, 2020","1,810.80","1,798.20","1,814.00","1,798.00","0.10K","0.55%"
"Jun 25, 2020","1,800.90","1,800.00","1,800.00","1,800.00","0.05K","-0.23%"
"Jun 24, 2020","1,805.10","1,806.50","1,806.50","1,806.50","0.30K","-0.25%"
"Jun 23, 2020","1,809.70","1,803.00","1,803.00","1,803.00","0.26K","0.84%"
"Jun 22, 2020","1,794.70","1,787.00","1,798.40","1,783.10","0.07K","0.71%"
"Jun 19, 2020","1,782.10","1,767.00","1,786.90","1,761.80","0.52K","1.15%"
"Jun 18, 2020","1,761.90","1,775.00","1,775.00","1,762.30","0.08K","-0.31%"
"Jun 17, 2020","1,767.40","1,768.20","1,768.20","1,768.20","0.02K","-0.05%"
"Jun 16, 2020","1,768.20","1,770.00","1,770.00","1,770.00","0.20K","0.55%"
"Jun 15, 2020","1,758.50","1,770.30","1,770.30","1,760.00","0.02K","-0.54%"
"Jun 12, 2020","1,768.10","1,780.40","1,780.50","1,780.40","0.56K","-0.18%"
"Jun 11, 2020","1,771.30","1,784.10","1,786.40","1,762.30","0.81K","1.02%"
"Jun 10, 2020","1,753.50","1,760.90","1,760.90","1,753.30","0.32K","-0.09%"
"Jun 09, 2020","1,755.00","1,755.20","1,757.60","1,755.20","0.54K","0.95%"
"Jun 08, 2020","1,738.50","1,739.40","1,739.40","1,739.40","0.05K","1.31%"
"Jun 05, 2020","1,716.00","1,741.70","1,741.70","1,704.60","0.11K","-2.46%"
"Jun 04, 2020","1,759.30","1,747.60","1,752.00","1,747.60","0.16K","1.53%"
"Jun 03, 2020","1,732.80","1,760.00","1,760.00","1,727.50","0.45K","-1.52%"
"Jun 02, 2020","1,759.60","1,774.50","1,775.30","1,774.50","0.11K","-0.79%"
"Jun 01, 2020","1,773.70","1,775.50","1,775.50","1,772.80","0.06K","-0.01%"
"May 29, 2020","1,773.80","1,748.20","1,771.50","1,748.20","0.11K","1.34%"
"May 28, 2020","1,750.30","1,748.80","1,757.30","1,748.80","0.18K","0.20%"
"May 27, 2020","1,746.80","1,725.00","1,727.40","1,722.50","0.01K","0.05%"
"May 26, 2020","1,745.90","1,762.90","1,764.00","1,762.90","0.08K","1.09%"
"May 25, 2020","1,727.00","1,730.55","1,731.35","1,719.25","-","-0.21%"
"May 24, 2020","1,730.65","1,735.45","1,735.90","1,729.80","-","-2.27%"
"May 22, 2020","1,770.80","1,773.50","1,773.50","1,771.90","0.47K","0.82%"
"May 21, 2020","1,756.40","1,780.10","1,780.10","1,753.60","0.15K","-1.78%"
"May 20, 2020","1,788.20","1,784.00","1,791.20","1,784.00","0.08K","0.44%"
"May 19, 2020","1,780.40","1,784.20","1,784.20","1,784.20","0.00K","0.71%"
"May 18, 2020","1,767.90","1,795.40","1,795.40","1,795.40","0.14K","-1.02%"
"May 15, 2020","1,786.20","1,776.20","1,781.50","1,776.20","0.45K","0.86%"
"May 14, 2020","1,770.90","1,747.10","1,747.10","1,747.10","0.00K","1.36%"
"May 13, 2020","1,747.10","1,729.10","1,750.30","1,729.10","0.01K","0.49%"
"May 12, 2020","1,738.50","1,733.20","1,734.50","1,731.90","0.01K","0.40%"
"May 11, 2020","1,731.50","1,727.70","1,734.20","1,714.20","0.05K","-0.96%"
"May 08, 2020","1,748.30","1,747.80","1,747.80","1,747.80","0.00K","-0.53%"
"May 07, 2020","1,757.60","1,718.90","1,722.80","1,718.50","0.05K","2.28%"
"May 06, 2020","1,718.40","1,728.40","1,728.40","1,713.00","0.01K","-1.27%"
"May 05, 2020","1,740.50","1,725.80","1,739.10","1,725.80","0.40K","0.16%"
"May 04, 2020","1,737.70","1,729.10","1,729.10","1,725.70","0.03K","1.16%"
"May 01, 2020","1,717.80","1,720.10","1,720.10","1,720.10","0.01K","0.46%"
"Apr 30, 2020","1,709.90","1,706.40","1,706.40","1,706.40","0.05K","-0.99%"
"Apr 29, 2020","1,727.00","1,727.60","1,744.10","1,727.60","0.01K","-0.48%"
"Apr 28, 2020","1,735.40","1,731.80","1,740.00","1,712.70","3.06K","-0.01%"
"Apr 27, 2020","1,735.50","1,746.70","1,753.00","1,726.80","0.13K","-0.58%"
"Apr 24, 2020","1,745.60","1,759.00","1,759.00","1,745.00","0.00K","-0.51%"
"Apr 23, 2020","1,754.50","1,753.10","1,762.20","1,753.10","0.00K","0.46%"
"Apr 22, 2020","1,746.50","1,709.50","1,709.50","1,709.50","0.01K","3.04%"
"Apr 21, 2020","1,694.90","1,722.20","1,722.20","1,679.60","0.08K","-1.34%"
"Apr 20, 2020","1,718.00","1,715.60","1,715.60","1,715.60","0.00K","0.73%"
"Apr 17, 2020","1,705.60","1,717.80","1,717.80","1,717.80","0.02K","-1.94%"
"Apr 16, 2020","1,739.40","1,766.50","1,766.50","1,766.50","0.00K","-0.50%"
"Apr 15, 2020","1,748.20","1,760.70","1,762.70","1,736.40","0.00K","-1.43%"
"Apr 14, 2020","1,773.50","1,779.10","1,779.10","1,776.50","0.01K","0.50%"
"Apr 13, 2020","1,764.60","1,732.50","1,758.00","1,732.50","0.03K","1.38%"
"Apr 10, 2020","1,740.60","1,740.60","1,740.60","1,740.60","-","-0.84%"
"Apr 09, 2020","1,755.40","1,747.50","1,747.50","1,747.50","0.00K","4.13%"
"Apr 08, 2020","1,685.80","1,690.10","1,690.10","1,690.10","0.02K","0.02%"
"Apr 07, 2020","1,685.40","1,688.80","1,688.80","1,688.80","0.02K","-0.62%"
"Apr 06, 2020","1,696.00","1,685.30","1,688.60","1,685.30","0.00K","2.78%"
"Apr 03, 2020","1,650.10","1,639.00","1,651.50","1,625.30","0.14K","0.45%"
"Apr 02, 2020","1,642.70","1,636.40","1,636.40","1,636.40","0.29K","2.82%"
"Apr 01, 2020","1,597.60","1,594.40","1,594.40","1,594.40","0.18K","-0.32%"
"Mar 31, 2020","1,602.70","1,625.30","1,625.30","1,625.30","0.06K","-2.83%"
"Mar 30, 2020","1,649.30","1,646.90","1,646.90","1,646.90","0.10K","-0.70%"
"Mar 27, 2020","1,661.00","1,647.10","1,647.10","1,647.10","0.27K","-0.44%"
"Mar 26, 2020","1,668.30","1,674.30","1,674.30","1,659.40","0.01K","1.79%"
"Mar 25, 2020","1,639.00","1,650.90","1,656.60","1,650.50","0.06K","-1.81%"
"Mar 24, 2020","1,669.20","1,594.60","1,653.50","1,594.60","0.03K","5.09%"
"Mar 23, 2020","1,588.30","1,514.60","1,572.80","1,502.60","0.01K","5.79%"
"Mar 20, 2020","1,501.40","1,515.80","1,515.80","1,515.80","0.01K","0.28%"
"Mar 19, 2020","1,497.20","1,496.60","1,508.00","1,476.90","0.01K","0.17%"
"Mar 18, 2020","1,494.60","1,520.60","1,520.60","1,502.30","0.32K","-3.02%"
"Mar 17, 2020","1,541.10","1,504.50","1,561.50","1,476.30","0.01K","2.74%"
"Mar 16, 2020","1,500.00","1,485.00","1,503.00","1,485.00","0.01K","-2.10%"
"Mar 13, 2020","1,532.20","1,591.00","1,591.00","1,529.30","0.10K","-4.62%"
"Mar 12, 2020","1,606.50","1,654.30","1,654.30","1,581.50","0.01K","-3.12%"
"Mar 11, 2020","1,658.30","1,670.00","1,670.00","1,653.10","0.03K","-1.09%"
"Mar 10, 2020","1,676.60","1,675.90","1,675.90","1,662.10","0.19K","-0.88%"
"Mar 09, 2020","1,691.50","1,709.90","1,710.10","1,672.90","0.13K","-0.01%"
"Mar 06, 2020","1,691.60","1,696.00","1,703.60","1,686.30","0.07K","0.07%"
"Mar 05, 2020","1,690.50","1,655.70","1,671.00","1,655.20","0.18K","1.42%"
"Mar 04, 2020","1,666.90","1,664.20","1,664.50","1,664.20","0.22K","-0.19%"
"Mar 03, 2020","1,670.00","1,606.50","1,663.80","1,606.50","0.06K","3.05%"
"Mar 02, 2020","1,620.60","1,602.50","1,624.30","1,600.20","0.25K","1.50%"
"Feb 28, 2020","1,596.60","1,595.20","1,617.80","1,595.20","0.56K","-4.76%"
"Feb 27, 2020","1,676.40","1,679.00","1,684.40","1,670.00","0.01K","-0.11%"
"Feb 26, 2020","1,678.20","1,677.60","1,677.60","1,677.60","0.02K","-0.49%"
"Feb 25, 2020","1,686.40","1,681.00","1,683.60","1,681.00","0.54K","-1.58%"
"Feb 24, 2020","1,713.50","1,707.40","1,707.40","1,707.40","0.02K","1.61%"
"Feb 21, 2020","1,686.30","1,672.30","1,678.10","1,672.30","0.08K","1.71%"
"Feb 20, 2020","1,658.00","1,641.40","1,651.90","1,641.40","0.12K","0.52%"
"Feb 19, 2020","1,649.50","1,639.80","1,641.40","1,636.20","0.04K","0.51%"
"Feb 18, 2020","1,641.10","1,617.30","1,634.80","1,617.30","0.07K","3.41%"
"Feb 17, 2020","1,587.05","1,586.15","1,588.45","1,581.85","-","0.05%"
"Feb 16, 2020","1,586.25","1,585.50","1,586.25","1,583.45","-","-2.33%"
"Feb 14, 2020","1,624.10","1,601.00","1,608.40","1,597.30","0.03K","0.44%"
"Feb 13, 2020","1,617.00","1,607.90","1,608.10","1,607.90","0.00K","0.45%"
"Feb 12, 2020","1,609.80","1,590.80","1,593.90","1,587.50","2.05K","0.06%"
"Feb 11, 2020","1,608.80","1,606.70","1,606.90","1,606.70","0.00K","-0.58%"
"Feb 10, 2020","1,618.20","1,606.70","1,606.70","1,606.70","0.00K","0.33%"
"Feb 07, 2020","1,612.80","1,591.00","1,598.30","1,588.40","0.00K","0.21%"
"Feb 06, 2020","1,609.50","1,580.70","1,592.40","1,579.30","0.07K","0.46%"
"Feb 05, 2020","1,602.20","1,579.40","1,587.00","1,573.00","2.05K","0.45%"
"Feb 04, 2020","1,595.00","1,602.30","1,602.30","1,576.00","0.03K","-1.60%"
"Feb 03, 2020","1,621.00","1,606.00","1,606.00","1,606.00","0.00K","-0.31%"
"Jan 31, 2020","1,626.10","1,599.70","1,615.30","1,597.70","0.00K","-0.07%"
"Jan 30, 2020","1,627.30","1,601.60","1,612.00","1,599.00","0.03K","0.79%"
"Jan 29, 2020","1,614.50","1,594.50","1,603.60","1,589.30","0.03K","0.08%"
"Jan 28, 2020","1,613.20","1,606.70","1,607.10","1,593.40","10.91K","-0.47%"
"Jan 27, 2020","1,620.80","1,616.80","1,617.80","1,616.80","0.00K","0.33%"
"Jan 24, 2020","1,615.40","1,595.00","1,609.50","1,595.00","0.05K","0.44%"
"Jan 23, 2020","1,608.30","1,585.00","1,593.50","1,580.10","1.75K","0.54%"
"Jan 22, 2020","1,599.70","1,583.10","1,585.50","1,577.60","0.07K","-0.08%"
"Jan 21, 2020","1,601.00","1,595.00","1,595.00","1,595.00","0.00K","2.55%"
"Jan 20, 2020","1,561.25","1,557.20","1,562.70","1,556.65","-","0.27%"
"Jan 19, 2020","1,557.05","1,557.40","1,559.05","1,556.45","-","-2.89%"
"Jan 17, 2020","1,603.40","1,578.60","1,588.00","1,577.10","1.54K","0.65%"
"Jan 16, 2020","1,593.00","1,580.40","1,583.40","1,575.00","0.03K","-0.23%"
"Jan 15, 2020","1,596.60","1,587.80","1,587.80","1,587.80","0.00K","0.57%"
"Jan 14, 2020","1,587.50","1,573.20","1,573.90","1,563.40","1.76K","-0.39%"
"Jan 13, 2020","1,593.70","1,586.80","1,586.80","1,574.90","2.70K","-0.60%"
"Jan 10, 2020","1,603.30","1,577.60","1,589.60","1,574.10","0.11K","0.34%"
"Jan 09, 2020","1,597.80","1,583.00","1,587.50","1,570.20","1.43K","-0.37%"
"Jan 08, 2020","1,603.80","1,612.60","1,638.40","1,612.60","0.02K","-0.92%"
"Jan 07, 2020","1,618.70","1,602.60","1,602.60","1,602.60","0.07K","0.33%"
"Jan 06, 2020","1,613.30","1,608.20","1,612.40","1,600.30","0.01K","1.06%"
"Jan 03, 2020","1,596.40","1,591.00","1,592.10","1,588.60","0.41K","1.55%"
"Jan 02, 2020","1,572.10","1,548.70","1,559.50","1,548.20","1.25K","3.36%"
"Jan 01, 2020","1,520.95","1,520.85","1,523.95","1,520.85","-","-2.98%"
"Dec 31, 2019","1,567.60","1,546.70","1,555.00","1,546.40","0.67K","0.34%"
"Dec 30, 2019","1,562.30","1,543.90","1,545.50","1,540.10","0.46K","0.07%"
"Dec 27, 2019","1,561.20","1,540.70","1,545.00","1,540.00","0.29K","0.26%"
"Dec 26, 2019","1,557.10","1,544.20","1,544.20","1,544.20","0.00K","3.53%"
"Dec 25, 2019","1,504.05","1,504.40","1,504.40","1,502.15","-","-2.80%"
"Dec 24, 2019","1,547.30","1,518.60","1,530.10","1,518.60","0.45K","1.05%"
"Dec 23, 2019","1,531.20","1,510.70","1,514.90","1,510.70","0.39K","0.53%"
"Dec 20, 2019","1,523.10","1,515.80","1,515.80","1,515.80","0.00K","-0.23%"
"Dec 19, 2019","1,526.60","1,505.40","1,510.40","1,503.50","0.57K","0.37%"
"Dec 18, 2019","1,521.00","1,506.40","1,508.50","1,501.70","1.56K","-0.16%"
"Dec 17, 2019","1,523.50","1,505.80","1,510.00","1,505.00","0.21K","0.02%"
"Dec 16, 2019","1,523.20","1,505.40","1,509.40","1,503.90","0.42K","0.01%"
"Dec 13, 2019","1,523.00","1,493.00","1,507.90","1,493.00","0.47K","0.62%"
"Dec 12, 2019","1,513.60","1,511.20","1,514.00","1,494.10","0.17K","-0.15%"
"Dec 11, 2019","1,515.80","1,500.00","1,507.00","1,497.50","0.14K","0.46%"
"Dec 10, 2019","1,508.90","1,490.60","1,496.00","1,489.70","0.14K","0.22%"
"Dec 09, 2019","1,505.60","1,493.20","1,493.20","1,489.40","0.30K","0.09%"
"Dec 06, 2019","1,504.20","1,509.60","1,509.60","1,497.20","0.01K","-1.15%"
"Dec 05, 2019","1,521.70","1,513.80","1,513.80","1,513.80","0.00K","0.20%"
"Dec 04, 2019","1,518.70","1,515.90","1,515.90","1,515.90","0.00K","-0.27%"
"Dec 03, 2019","1,522.80","1,491.10","1,510.30","1,491.10","0.45K","1.03%"
"Dec 02, 2019","1,507.30","1,494.00","1,495.30","1,485.00","0.17K","-0.23%"
"Nov 29, 2019","1,510.70","1,488.00","1,495.40","1,484.20","0.19K","3.31%"
"Nov 28, 2019","1,462.25","1,463.25","1,464.55","1,460.75","-","-2.42%"
"Nov 27, 2019","1,498.50","1,489.20","1,490.20","1,483.90","0.22K","-0.41%"
"Nov 26, 2019","1,504.70","1,484.30","1,492.00","1,481.00","0.31K","0.19%"
"Nov 25, 2019","1,501.80","1,490.90","1,492.00","1,485.20","0.94K","-0.41%"
"Nov 22, 2019","1,508.00","1,497.70","1,502.30","1,492.00","0.70K","0.03%"
"Nov 21, 2019","1,507.60","1,505.50","1,505.70","1,494.00","0.49K","-0.69%"
"Nov 20, 2019","1,518.10","1,505.50","1,509.20","1,498.00","0.69K","-0.07%"
"Nov 19, 2019","1,519.20","1,511.50","1,511.50","1,511.50","0.00K","0.15%"
"Nov 18, 2019","1,516.90","1,498.40","1,502.80","1,488.80","0.82K","0.22%"
"Nov 15, 2019","1,513.60","1,496.30","1,499.90","1,495.90","0.07K","-0.32%"
"Nov 14, 2019","1,518.50","1,495.10","1,504.70","1,494.80","0.84K","0.66%"
"Nov 13, 2019","1,508.50","1,489.90","1,498.10","1,489.90","0.74K","0.66%"
"Nov 12, 2019","1,498.60","1,487.80","1,488.50","1,480.00","0.93K","-0.25%"
"Nov 11, 2019","1,502.30","1,494.00","1,494.00","1,480.10","0.73K","-0.54%"
"Nov 08, 2019","1,510.40","1,500.50","1,503.00","1,488.80","0.35K","-0.09%"
"Nov 07, 2019","1,511.70","1,510.00","1,510.00","1,510.00","0.00K","-1.67%"
"Nov 06, 2019","1,537.40","1,534.70","1,534.70","1,534.70","0.00K","0.62%"
"Nov 05, 2019","1,528.00","1,522.80","1,522.80","1,522.80","0.00K","-1.72%"
"Nov 04, 2019","1,554.80","1,544.80","1,544.80","1,541.00","0.83K","0.03%"
"Nov 01, 2019","1,554.40","1,542.10","1,545.00","1,538.00","0.20K","-0.16%"
"Oct 31, 2019","1,556.90","1,527.00","1,545.00","1,527.00","0.17K","1.14%"
"Oct 30, 2019","1,539.40","1,520.80","1,526.50","1,513.20","1.90K","0.38%"
"Oct 29, 2019","1,533.50","1,524.20","1,524.20","1,515.50","0.22K","-0.34%"
"Oct 28, 2019","1,538.70","1,552.00","1,552.00","1,552.00","0.00K","-0.58%"