date,price_treasury,price_oil,price_S&P,price_gold,BTC_return,DASH_return,ETH_return,close_BTC,close_DASH,close_ETH,Daily_Death_Global,Daily_Infection_Global,topic_ratio,exposure_ratio,panic_index
2020-01-02,1.877,61.18,3257.85,1572.1,-3.19625665393144,-4.717364782431869,-2.558782849239269,6945.02,39.831,126.81,0.0,0.0,0.0,0.0,0.0
2020-01-03,1.793,63.05,3234.85,1596.4,5.607327264716291,9.41591768269785,5.803958678337659,7334.45,43.704,134.17,0.0,0.0,0.0,0.0,0.0
2020-01-06,1.809,63.27,3246.28,1613.3,5.563667509584801,11.24539685027031,6.562707856034288,7764.63,56.793,144.19,0.0,0.0,0.0,0.0,0.0
2020-01-07,1.811,62.7,3237.18,1618.7,5.072875333402883,-4.086771257021108,-0.7766990291261971,8158.52,54.472,143.08,0.0,0.0,0.0,0.0,0.0
2020-01-08,1.874,59.61,3253.05,1603.8,-1.4031845549208886,-3.938550554802791,-1.7332960581492998,8045.51,52.463,140.6,0.0,0.0,0.0,0.0,0.0
2020-01-09,1.855,59.56,3274.7,1597.8,-2.907272218943186,-2.984016252060246,-2.0833333333333184,7813.78,50.621,137.71,0.0,0.0,0.0,0.0,0.0
2020-01-10,1.82,59.04,3265.35,1603.3,4.918362175541165,12.466097836200593,5.082776648271856,8198.09,56.81,144.72,0.0,0.0,0.0,0.0,0.0
2020-01-13,1.848,58.08,3288.13,1593.7,-0.9327927185694376,5.001889501927288,-2.0743773456158445,8104.5,69.464,143.51,0.0,0.0,0.0,0.0,0.0
2020-01-14,1.813,58.23,3283.15,1587.5,8.76048657718121,27.59694148363868,15.512195121951214,8815.69,88.944,165.76,0.0,0.0,0.0,0.0,0.0
2020-01-15,1.786,57.81,3289.29,1596.6,-0.0427797534887676,48.05958095921753,0.3318450585253909,8808.81,132.004,166.29,0.0,0.0,0.0,0.0,0.0
2020-01-16,1.809,58.52,3316.81,1593.0,-1.0676811056203876,-4.443759259398539,-1.4073494917904632,8714.76,127.064,163.93,0.0,0.0,0.0,0.0,0.0
2020-01-17,1.825,58.54,3329.62,1603.4,2.11881667559786,-11.23280552427896,3.408536585365856,8899.42,112.737,169.59,0.0,0.0,0.0,0.0,0.0
2020-01-21,1.774,58.34,3320.79,1601.0,1.0793972341749778,1.0502543010851324,1.5180607224288978,8722.03,110.07,169.19,0.0,0.0,0.0,0.0,0.0
2020-01-22,1.769,56.74,3321.75,1599.7,-0.7068308639158711,-2.334396902015337,-0.9510307755921704,8660.38,107.439,167.68,0.0,0.0,0.0,0.0,0.0
2020-01-23,1.731,55.59,3325.54,1608.3,-3.177227789080847,-4.851965264656889,-3.177726107434558,8385.22,102.228,162.4,1.0,98.0,0.0,0.0,0.0
2020-01-24,1.686,54.19,3295.47,1615.4,0.5014781979223072,-2.1604607423721203,-0.1169302726321605,8427.26,100.4,162.3,8.0,286.0,0.0,0.0,0.0
2020-01-27,1.613,53.14,3243.63,1620.8,3.5015706806282623,1.5310393245785434,1.3068385248836365,8895.96,112.802,169.77,26.0,809.0,1.22,4.19,1.34
2020-01-28,1.661,53.48,3276.24,1613.2,5.6042356353171865,3.1029644233672578,3.657674637766526,9394.5,116.096,175.99,49.0,2651.0,15.14,0.22,0.99
2020-01-29,1.581,53.33,3273.4,1614.5,-1.0935839525339726,4.732551203022473,-1.3984423853106749,9288.44,121.141,173.45,2.0,589.0,0.0,0.0,0.0
2020-01-30,1.591,52.14,3283.66,1627.3,2.316777743085092,0.2311456463471582,6.424081656190539,9503.08,122.283,184.55,38.0,2068.0,12.27,0.16,1.22
2020-01-31,1.505,51.56,3225.52,1626.1,-1.7650754363755137,-4.978471915262834,-2.5905050942987216,9334.98,116.084,179.74,42.0,1692.0,13.42,0.17,1.34
2020-02-03,1.526,50.11,3248.92,1621.0,-0.4774257614737189,0.9140350877192996,0.637551801083832,9280.49,115.042,189.42,64.0,3100.0,1.42,0.4,1.48
2020-02-04,1.603,49.61,3297.59,1595.0,-1.2516580482280557,-4.046393545245888,-0.6177076183939536,9164.33,110.362,188.24,66.0,4011.0,0.0,0.0,0.0
2020-02-05,1.649,50.75,3334.69,1602.2,4.904777545112406,11.446771109882835,8.366533864541832,9613.82,122.996,204.0,72.0,3745.0,0.0,0.0,0.0
2020-02-06,1.644,50.95,3345.78,1609.5,1.5508778426259489,-2.4130081300813035,4.382138130483799,9763.01,120.032,212.95,70.0,3162.0,0.0,0.0,0.0
2020-02-07,1.582,50.32,3327.71,1612.8,0.4613331339412646,-1.2196747533990924,4.827650981497135,9808.05,118.568,223.22,85.0,3594.0,0.0,0.0,0.0
2020-02-10,1.563,49.57,3352.09,1618.2,-3.113383082424304,-0.5274310911668978,-2.600524475524483,9851.78,127.681,222.85,107.0,2608.0,2.11,0.26,1.69
2020-02-11,1.602,49.94,3357.75,1608.8,4.245222690721875,1.603553355163173,6.784528403481996,10270.01,129.701,237.98,100.0,2042.0,10.55,0.16,1.04
2020-02-12,1.637,51.17,3379.45,1609.8,0.7898726486147432,2.954229062353391,11.975293079541157,10351.13,133.858,266.49,5.0,418.0,0.0,0.0,0.0
2020-02-13,1.619,51.42,3373.94,1617.0,-1.1075119334797208,-2.030719022739878,0.6713423095675732,10236.49,130.885,268.42,253.0,15152.0,0.0,0.0,0.0
2020-02-14,1.588,52.05,3380.16,1624.1,1.317248392759629,1.8287696881233144,6.669896039050556,10371.33,133.246,286.27,152.0,6528.0,0.0,0.0,0.0
2020-02-18,1.559,52.05,3370.29,1641.1,5.031340206185576,0.912173913043484,5.633855331841914,10188.04,116.049,283.31,140.0,1882.0,6.01,0.16,1.05
2020-02-19,1.568,53.29,3386.15,1649.5,-5.77108060039027,-9.679397488383335,-8.710383285099157,9600.08,104.575,258.66,115.0,500.0,0.0,0.0,0.0
2020-02-20,1.519,53.78,3373.23,1658.0,0.1727214733339696,0.7710852594520103,-0.4293837762562429,9610.05,105.334,257.4,125.0,560.0,10.07,0.12,0.63
2020-02-21,1.473,53.38,3337.75,1686.3,0.8908382370539236,2.643029200902587,3.343701399688967,9695.66,107.807,265.8,4.0,629.0,0.0,0.0,0.0
2020-02-24,1.37,51.43,3225.89,1713.5,-3.0607124937280483,-4.218238330465673,-3.69173805720924,9660.0,103.542,265.31,160.0,568.0,1.6199999999999999,0.19,1.58
2020-02-25,1.355,49.9,3128.21,1686.4,-3.674948240165632,-7.990403422393947,-7.166798478514659,9305.0,95.494,246.5,80.0,854.0,0.0,0.0,0.0
2020-02-26,1.335,48.73,3116.39,1678.2,-5.6602962496467,-11.35491581573815,-9.249634562286827,8778.3,84.555,223.5,61.0,977.0,0.0,0.0,0.0
2020-02-27,1.274,47.09,2978.76,1676.4,0.3894831573311519,6.00209140385484,1.7204397175797632,8812.49,89.205,227.63,43.0,1359.0,9.75,0.19,1.68
2020-02-28,1.163,44.76,2954.22,1596.6,-1.2026228317961658,-1.2281994595922314,-0.1010544815465684,8708.89,88.462,227.37,59.0,1388.0,0.0,0.0,0.0
2020-03-02,1.152,46.75,3090.23,1620.6,4.607911009938641,7.354233463959164,6.800404895555351,8915.0,90.403,232.12,89.0,1979.0,2.17,0.5900000000000001,3.0
2020-03-03,0.999,47.18,3003.37,1670.0,-1.8092409529543425,-1.2742961348574486,-3.605893503360333,8757.84,88.786,223.75,74.0,2601.0,0.0,0.0,0.0
2020-03-04,1.055,46.78,3130.12,1666.9,0.0323139407821335,-2.3635504981222075,0.3754693366708401,8760.66,86.832,224.56,95.0,2302.0,6.73,0.61,2.59
2020-03-05,0.917,45.9,3023.94,1690.5,3.540871621999572,3.2524895599100474,1.8486346830593687,9070.17,89.999,228.64,93.0,2818.0,5.92,0.36,2.84
2020-03-06,0.773,41.28,2972.37,1691.6,0.973850574079014,4.445604951166129,7.419072615923014,9158.51,94.0,245.56,113.0,3916.0,6.45,0.64,2.83
2020-03-09,0.559,31.13,2746.56,1691.5,-1.2840690095337757,0.0922659430122087,1.6340033081048666,7934.52,73.768,202.77,190.0,4181.0,2.3,0.48000000000000004,5.23
2020-03-10,0.8,34.36,2882.23,1676.6,-0.5026113609324286,1.5753918090499963,-1.114618267902935,7894.68,74.728,200.5,276.0,4823.0,9.11,0.21000000000000002,4.78
2020-03-11,0.877,32.98,2741.38,1658.3,0.5493572887058106,-3.2932566649241943,-3.0005482729402293,7938.05,72.15,194.61,345.0,7659.0,6.12,0.43,4.26
2020-03-12,0.812,31.5,2480.64,1606.5,-38.81242874509483,-38.06514206514207,-43.32545473229884,4857.1,44.686,110.3,309.0,5799.0,0.0,0.0,0.0
2020-03-13,0.983,31.73,2711.02,1532.2,16.06925943464207,15.73501746842246,22.855847688123298,5637.6,51.678,135.51,492.0,14351.0,5.42,0.41000000000000003,6.06
2020-03-16,0.74,28.7,2386.13,1500.0,-5.783768417351492,-8.778401945166419,-9.689451066245036,5037.61,43.52,111.38,687.0,14793.0,1.02,0.45999999999999996,8.8
2020-03-17,1.069,26.95,2529.19,1541.1,5.788946318911899,6.825898879017634,4.247485632183912,5331.71,45.933,116.09,816.0,16005.0,3.88,0.27,6.58
2020-03-18,1.183,20.37,2398.1,1494.6,1.53665521943242,37.24752690509839,2.1885231776667173,5413.64,63.127,118.6,918.0,19547.0,3.4299999999999997,0.26,6.32
2020-03-19,1.158,25.22,2409.39,1497.2,14.2666627261779,4.585198044243426,15.254237288135595,6186.26,65.668,136.68,1116.0,27098.0,3.99,0.17,6.49
2020-03-20,0.885,22.43,2304.92,1501.4,0.3602950926773524,9.553780974732552,-2.473472374679836,6206.1,71.887,133.27,1495.0,30881.0,0.0,0.0,0.0
2020-03-23,0.763,23.36,2237.4,1588.3,11.614138023538157,14.903290065544288,12.010465211348212,6490.63,71.525,137.0,1958.0,42667.0,0.9500000000000001,0.59,8.05
2020-03-24,0.858,24.01,2447.33,1669.2,4.205076398535175,-2.299684630627125,1.45985401459854,6766.64,70.014,139.0,2310.0,41086.0,3.58,0.25,6.13
2020-03-25,0.869,24.49,2475.56,1639.0,-1.1090747856931713,-2.717780002860809,-1.9359481827995668,6690.96,68.01,136.26,2824.0,51089.0,3.08,0.14,6.63
2020-03-26,0.848,22.6,2630.07,1668.3,0.9933185986840471,0.4659272391613278,1.943527686101948,6758.18,68.569,139.0,3040.0,62862.0,3.01,0.25,6.25
2020-03-27,0.676,21.51,2541.47,1661.0,-5.734319526627223,-1.052370387669319,-5.3525179856115095,6372.36,67.791,131.56,3485.0,64910.0,2.44,0.25,5.42
2020-03-30,0.726,20.09,2626.65,1649.3,8.971284134322623,8.75831668620298,6.340914570441201,6406.4,65.876,132.32,4081.0,65279.0,0.54,0.73,9.21
2020-03-31,0.668,20.48,2584.59,1602.7,0.2801885614385728,-1.2098488068492488,0.5895691609977333,6424.35,65.079,133.08,4732.0,76819.0,2.6,0.22,5.3
2020-04-01,0.602,20.31,2470.5,1597.6,3.768512551330775,1.4074541231484,2.299368800721351,6666.11,65.926,136.14,6014.0,82915.0,2.58,0.38,4.8
2020-04-02,0.611,25.32,2526.9,1642.7,2.076323373001657,2.26777609682301,3.9591596885559097,6804.52,67.599,141.53,5892.0,82911.0,2.52,0.26,5.23
2020-04-03,0.599,28.34,2488.65,1650.1,-0.9148707276639272,-0.3846210742762542,0.0424088210347768,6741.99,67.339,141.54,6178.0,84315.0,2.42,0.44,4.94
2020-04-06,0.678,26.08,2663.68,1696.0,8.304320630686982,9.149158098644016,20.106450031514814,7341.56,73.25,171.5,5935.0,73874.0,0.59,1.0,6.66
2020-04-07,0.726,23.63,2659.41,1685.4,-1.927930750318393,-1.7633992450361768,-4.074376311494526,7200.01,72.087,164.57,8311.0,69401.0,2.69,0.27,4.94
2020-04-08,0.771,25.09,2749.98,1685.8,2.36249671875455,4.898451806226058,5.360398687249314,7370.11,75.615,173.36,6829.0,83324.0,2.4299999999999997,0.34,5.16
2020-04-09,0.729,22.76,2789.82,1755.4,-1.0466217481323938,9.698338484296173,-2.121893559361129,7293.24,83.057,169.75,7868.0,87356.0,2.5199999999999996,0.18,5.03
2020-04-13,0.77,22.41,2761.63,1764.6,-0.6790559515468731,-0.9930473213323204,-1.2970658607228325,6861.21,73.479,156.76,6019.0,70986.0,0.64,0.16,6.41
2020-04-14,0.75,20.11,2846.06,1773.5,0.2457543243869577,-1.6327917884576268,1.205664710385312,6877.37,72.354,158.65,7105.0,83848.0,0.0,0.0,0.0
2020-04-15,0.635,19.87,2783.36,1748.2,-3.676064284592524,-3.3483410680889403,-3.724476934711367,6624.12,69.768,152.77,8544.0,78160.0,3.02,0.12,4.11
2020-04-16,0.617,19.87,2799.55,1739.4,7.382971849230488,10.147869782442806,12.95496203194555,7112.64,76.501,172.55,7419.0,95386.0,3.35,0.28,4.23
2020-04-17,0.642,18.27,2874.56,1705.6,-1.0864737531554147,-0.511921003053343,-0.9792559972186964,7037.46,76.571,170.89,8501.0,88195.0,2.92,0.12,4.2
2020-04-20,0.616,-37.63,2823.16,1718.0,-4.102121811322875,-7.853865380071877,-5.424894608386954,6838.19,74.103,170.5,6048.0,75439.0,0.44999999999999996,0.51,5.52
2020-04-21,0.566,10.01,2736.56,1694.9,0.2407411199288605,0.481973127978661,0.3990844533129918,6853.68,74.636,171.07,7402.0,75956.0,2.9699999999999998,0.23,4.21
2020-04-22,0.618,13.78,2799.31,1746.5,4.131655011110836,8.13037488798833,7.050570008769366,7136.84,80.848,183.11,7027.0,81839.0,3.3099999999999996,0.13,3.83
2020-04-23,0.603,16.5,2797.8,1754.5,4.932455817094746,0.2703737083173969,1.398143091206992,7488.83,81.218,185.66,6998.0,83514.0,3.25,0.14,3.94
2020-04-24,0.605,16.94,2836.74,1745.6,0.3088834011880174,-0.1399442678091409,1.1796391058443294,7514.64,81.347,187.84,6914.0,83927.0,3.06,0.12,3.8
2020-04-27,0.664,12.78,2878.48,1735.5,1.0818280909374132,-1.494397493115564,-0.5156723963599646,7789.77,82.989,196.78,4930.0,70204.0,0.54,0.43,5.22
2020-04-28,0.616,12.34,2863.39,1735.4,-0.4462262685547868,-0.6806490862436576,-0.1066639577407598,7755.01,82.444,196.67,6835.0,75806.0,0.0,0.0,0.0
2020-04-29,0.628,15.06,2939.51,1727.0,13.36271686360249,3.7211899069095695,9.67249796582588,8793.75,85.459,215.66,6947.0,76988.0,3.7800000000000002,0.12,3.55
2020-04-30,0.646,18.84,2912.43,1709.9,-1.9409914053341637,-5.379780173473334,-4.408083804579595,8624.28,80.835,206.23,6054.0,83370.0,4.94,0.22999999999999998,3.44
2020-05-01,0.618,19.78,2830.71,1717.8,2.3738851760297166,2.440136549055376,2.846474638735333,8829.42,83.123,212.09,5471.0,88597.0,4.58,0.47,3.39
2020-05-04,0.631,20.39,2842.74,1737.7,-0.2730176192908469,-1.6639140187837336,-1.6076864535768622,8883.53,79.784,206.86,4552.0,77188.0,0.0,0.0,0.0
2020-05-05,0.662,24.56,2868.44,1740.5,1.5862175271523735,-0.5807113714300001,-0.7680417350980597,9028.79,79.438,205.43,6127.0,80103.0,0.0,0.0,0.0
2020-05-06,0.709,23.99,2848.42,1718.4,1.4067238320127438,-2.775287566762198,-3.036496350364968,9155.79,77.001,199.26,6885.0,90402.0,0.0,0.0,0.0
2020-05-07,0.639,23.55,2881.19,1757.6,9.272602364187028,2.570129870129869,6.715218483174287,10004.77,78.979,212.47,5697.0,88890.0,3.7,0.47,3.24
2020-05-08,0.685,24.74,2929.8,1748.3,-1.9036295657060769,3.7536909604734423,-0.4282352941176454,9810.0,81.871,211.59,5928.0,90581.0,0.0,0.0,0.0
2020-05-11,0.707,24.14,2930.32,1731.5,-1.80369444641725,-3.3560291132072764,-0.9166000532907002,8572.4,69.977,185.93,3916.0,76353.0,0.72,0.5700000000000001,6.18
2020-05-12,0.667,25.78,2870.12,1738.5,2.9049041108674403,5.062402384329911,2.2427795406873487,8821.42,73.322,190.1,5880.0,84439.0,3.81,0.36,3.66
2020-05-13,0.654,25.29,2820.0,1747.1,5.666327718584675,0.7614732733798318,5.2598325698941615,9321.26,73.837,199.92,5486.0,84954.0,3.34,0.29,3.24
2020-05-14,0.617,27.56,2852.5,1770.9,5.090630146392225,1.1782710565163674,1.7406962785114135,9795.34,74.707,203.4,5582.0,95878.0,2.9699999999999998,0.26,3.5
2020-05-15,0.644,29.43,2863.7,1786.2,-4.933366274167102,-3.316483457701468,-4.277286135693224,9312.1,72.298,194.7,5636.0,96151.0,2.98,0.17,3.65
2020-05-18,0.726,31.82,2953.91,1767.9,0.5277216622147333,1.40615827952399,3.825163004105282,9728.52,76.01,214.97,4149.0,88714.0,0.81,0.1,4.01
2020-05-19,0.692,32.5,2922.94,1780.4,0.567815042781428,1.4840152611498487,-0.0698129014241858,9783.76,77.138,214.71,5127.0,96796.0,0.0,0.0,0.0
2020-05-20,0.69,33.49,2971.61,1788.2,-2.8022490767684998,1.746662511038386,-2.253258845437618,9509.41,78.349,209.96,5193.0,102121.0,0.0,0.0,0.0
2020-05-21,0.68,33.92,2948.51,1756.4,-4.705239026647323,-6.898183073559322,-5.396522981662293,9061.96,72.814,198.62,5085.0,106679.0,3.19,0.22,3.08
2020-05-22,0.657,33.25,2955.45,1770.8,1.20892075784938,2.604023902198352,4.385479079603232,9168.84,74.864,207.32,5657.0,106338.0,2.8200000000000003,0.62,3.02
2020-05-26,0.695,34.35,2991.77,1745.9,-0.6244943820224711,-0.9637898175878008,-1.577426150002449,8844.42,72.752,200.91,4641.0,92807.0,1.38,0.16,3.39
2020-05-27,0.695,32.81,3036.13,1746.8,4.116950706717586,1.2082142071695692,3.753671528849501,9208.53,73.631,208.41,5418.0,103535.0,3.18,0.5,3.11
2020-05-28,0.697,33.71,3029.73,1750.3,4.036040497234628,2.234256789854673,5.772275802504678,9580.19,75.134,220.44,5011.0,118517.0,3.38,0.27,3.08
2020-05-29,0.653,35.49,3044.31,1773.8,-1.630165312979841,-1.1675897326658795,0.1043604519261392,9423.84,74.235,220.62,5147.0,121115.0,3.56,0.15,2.85
2020-06-01,0.667,35.44,3055.73,1773.7,8.079014761010935,4.846583899839907,7.336991746964521,10208.96,79.891,248.41,3515.0,95705.0,0.72,0.6599999999999999,4.1
2020-06-02,0.687,36.81,3080.82,1759.6,-6.724485158135599,-2.102616700855553,-4.311247081555423,9522.46,78.267,237.71,5202.0,121708.0,0.0,0.0,0.0
2020-06-03,0.746,37.29,3122.87,1732.8,1.5390383688335705,0.1959603980685807,2.9028186790071544,9668.07,78.23,244.6,5844.0,114183.0,3.39,0.16,2.77
2020-06-04,0.825,37.41,3112.35,1759.3,1.2408901061847069,0.3728103774066718,-0.5764749172083882,9788.03,78.616,243.18,5434.0,130842.0,0.0,0.0,0.0
2020-06-05,0.893,39.55,3193.93,1716.0,-1.825477228256652,-0.8592924522297012,-1.2912246072867894,9613.21,77.878,240.04,5053.0,131070.0,3.8099999999999996,0.12,2.39
2020-06-08,0.878,38.19,3232.39,1738.5,0.3219447555517205,-0.27564102564103,0.7189836186118793,9781.51,77.785,246.55,4167.0,101222.0,0.99,0.26,3.24
2020-06-09,0.824,38.94,3207.18,1755.0,-0.0214690778826619,-0.3946776370765599,-1.0221050496856663,9779.41,77.478,244.03,5200.0,124552.0,3.73,0.62,2.38
2020-06-10,0.736,39.6,3190.14,1753.5,1.1691565180936034,0.9397841977027488,1.6882478282248832,9894.04,78.3,248.16,5481.0,135320.0,3.37,0.36,2.52
2020-06-11,0.666,36.34,3002.1,1771.3,-6.328763385164265,-8.334503132936034,-7.298505659161399,9268.16,71.83,230.15,5055.0,137286.0,4.1,0.18,2.2
2020-06-12,0.71,36.26,3041.31,1768.1,2.114875012947556,1.926576194907839,3.211088902407237,9464.17,73.38,237.53,4807.0,129214.0,4.01,0.31,2.36
2020-06-15,0.72,37.12,3066.59,1758.5,1.113775549035619,-0.6074243825669171,-0.1556151119564336,9432.53,71.997,230.98,3838.0,118348.0,0.84,0.5800000000000001,3.13
2020-06-16,0.741,38.38,3124.74,1768.2,0.993154569751407,0.8043454100911421,1.896432282646344,9526.25,72.563,235.34,7096.0,141645.0,3.9,0.17,2.25
2020-06-17,0.733,37.96,3113.49,1767.4,-0.7215850938197064,-0.5070756341890166,-0.6968345018058153,9457.51,72.205,233.71,5574.0,144757.0,0.0,0.0,0.0
2020-06-18,0.707,38.84,3115.34,1761.9,-0.8603744537410037,-1.1079565127068725,-1.1297017416235124,9376.14,71.405,231.05,5321.0,140681.0,3.1900000000000004,0.67,2.78
2020-06-19,0.694,39.75,3097.74,1782.1,-0.791690397114373,-1.8632670215746685,-1.03440813676694,9301.91,70.05,228.66,6382.0,180188.0,0.0,0.0,0.0
2020-06-22,0.71,40.46,3117.86,1794.7,4.357031016116496,3.236712219337524,6.820377689942908,9690.74,72.371,243.23,3718.0,138201.0,0.0,0.0,0.0
2020-06-23,0.715,40.37,3131.29,1809.7,-0.6925217761001106,2.560872634653444,-0.0493339911198834,9623.56,74.091,243.12,5558.0,167033.0,3.8499999999999996,0.12,2.52
2020-06-24,0.679,38.01,3050.33,1805.1,-3.5085768676040847,-2.3908467807221188,-3.554385387526746,9285.91,72.344,234.44,5559.0,172910.0,0.0,0.0,0.0
2020-06-25,0.682,38.72,3083.76,1800.9,-0.4569273546889199,-1.7125610887292089,-1.0535744753455036,9243.51,70.994,231.97,5053.0,178438.0,3.49,0.63,3.24
2020-06-26,0.64,38.49,3009.05,1810.8,-0.947313528753708,-0.4368781532737708,-1.0778649650771752,9155.42,70.648,229.44,5076.0,191732.0,3.7199999999999998,0.39,2.67
2020-06-29,0.627,39.7,3053.24,1812.6,0.7815011801523847,2.0281065088757537,1.2758957944340734,9184.45,68.971,227.81,3998.0,153531.0,0.69,0.13,4.28
2020-06-30,0.658,39.27,3100.29,1833.2,-0.5723278037695947,-1.3526247879728126,-1.0227821430139206,9136.2,68.044,225.48,5202.0,176339.0,3.63,0.11,2.82
2020-07-01,0.676,39.82,3115.86,1814.8,1.139021728541541,0.5977444715997849,2.452328159645233,9239.97,68.328,231.03,5324.0,217285.0,3.44,0.15,2.54
2020-07-02,0.669,40.65,3130.01,1825.0,-1.6005350991026397,-2.5875190258751912,-2.0203331170235845,9091.53,66.56,226.48,5469.0,209723.0,3.45,0.29,2.51
2020-07-06,0.678,40.63,3179.72,1830.8,2.963731917477452,4.28624452527652,6.1637817414989895,9343.31,70.242,241.65,4149.0,163584.0,0.8899999999999999,0.14,4.58
2020-07-07,0.64,40.62,3145.32,1851.8,-0.9565132699225326,-0.645262155516698,-0.9681022713168688,9253.94,69.905,239.37,6332.0,209726.0,3.8400000000000003,0.39999999999999997,2.92
2020-07-08,0.666,40.9,3169.94,1871.2,1.959597749715258,4.086476593554297,3.2460208046120997,9435.28,72.796,247.14,5683.0,213799.0,4.15,0.14,2.56
2020-07-09,0.613,39.62,3152.05,1854.0,-2.102004392026521,-1.494162565989887,-2.067904981587153,9236.95,71.465,242.0,5799.0,224919.0,4.0,0.12,3.0
2020-07-10,0.643,40.55,3185.04,1852.0,0.5856911642912275,0.2750090739034574,-0.3305785123966989,9291.05,71.831,241.2,5666.0,232688.0,3.7299999999999995,0.27,2.67
2020-07-13,0.618,40.1,3155.22,1864.8,-0.7143640268375486,-0.6020001941936075,-1.3879164779045363,9236.92,71.659,239.44,4281.0,189975.0,0.5,0.8300000000000001,3.84
2020-07-14,0.625,40.29,3197.52,1862.7,0.2168474089278844,0.6577198113603588,0.4932079414838064,9256.94,71.929,240.43,5993.0,220793.0,3.65,0.55,2.52
2020-07-15,0.633,41.2,3226.56,1862.8,-0.721404697448624,-1.3079981095882631,-0.8610648918469189,9190.16,71.001,238.33,5859.0,230960.0,0.0,0.0,0.0
2020-07-16,0.618,40.75,3215.57,1847.4,-0.6603342472907548,-2.588341210893525,-2.0725823368995164,9130.11,69.248,233.41,6187.0,251856.0,4.390000000000001,1.77,3.18
2020-07-17,0.623,40.59,3224.73,1854.3,0.2558337431127013,0.5027811890486151,-0.3597892662868905,9154.29,69.563,232.63,7038.0,242782.0,3.7800000000000002,1.13,3.07
2020-07-20,0.613,40.81,3251.84,1860.8,-0.5747768886728031,-2.422120808412941,-1.320738945080664,9161.05,68.849,236.1,3786.0,205355.0,0.0,0.0,0.0
2020-07-21,0.605,41.96,3257.3,1891.9,2.5443589981497774,3.646908340358732,4.036083347450449,9394.14,71.307,245.65,6409.0,234589.0,0.0,0.0,0.0
2020-07-22,0.6,41.9,3276.02,1919.0,1.5120064210241797,3.616248580282413,7.588340661130104,9536.18,73.896,264.28,7357.0,279833.0,0.0,0.0,0.0
2020-07-23,0.577,41.07,3235.66,1947.2,0.8078689624798038,-0.3589569928885886,4.313606780687163,9613.24,73.56,275.68,6640.0,282705.0,4.36,0.17,3.1
2020-07-24,0.587,41.29,3215.63,1957.5,-0.6452559178799308,-1.6847663373343125,1.4624764116707696,9551.21,72.244,279.59,6448.0,281900.0,3.9799999999999995,0.19,2.6
2020-07-27,0.615,41.6,3239.41,1988.3,11.1448546423901,3.120565494741581,3.4710849950229594,11048.91,77.756,322.24,5206.0,225817.0,0.54,0.3,3.24
2020-07-28,0.579,41.04,3218.44,1996.6,-1.030227053642948,2.9725904002058967,-1.49499085015975,10934.23,80.02,317.59,6615.0,249986.0,3.85,0.36,2.81
2020-07-29,0.577,41.27,3258.44,2007.7,1.6087110008761618,1.7352441825626692,0.2015621063240247,11110.12,81.494,318.16,7045.0,288239.0,0.0,0.0,0.0
2020-07-30,0.545,39.92,3246.22,1997.7,0.0701286261631167,0.1660414488653722,5.393682225365402,11115.95,81.44,335.31,6679.0,280262.0,0.0,0.0,0.0
2020-07-31,0.533,40.27,3271.12,2017.1,2.1197392225074063,1.1712958992391516,3.4630872483221515,11351.62,82.575,346.86,6530.0,290785.0,0.0,0.0,0.0
2020-08-03,0.554,41.01,3294.61,2017.7,1.4969107636259815,3.0718086668467794,3.769580053198643,11233.13,87.744,386.22,4754.0,206226.0,0.74,0.14,3.78
2020-08-04,0.512,41.7,3306.51,2052.6,-0.3215479882775549,-1.0009223516551145,0.9190462629766774,11197.04,86.94,389.82,6972.0,254121.0,0.0,0.0,0.0
2020-08-05,0.549,42.19,3327.77,2081.7,4.998638034125067,6.072660381696937,2.9377052545155964,11756.75,92.262,401.21,7457.0,278017.0,0.0,0.0,0.0
2020-08-06,0.538,41.95,3349.16,2103.2,0.1457885895336672,8.895918190484448,-1.4780289623887757,11773.89,100.524,395.28,6831.0,283004.0,0.0,0.0,0.0
2020-08-07,0.566,41.22,3351.28,2061.4,-1.4215352784848423,-3.9300528184775225,-3.928860554543608,11606.52,96.582,379.75,6736.0,283992.0,0.0,0.0,0.0
2020-08-10,0.581,41.94,3360.47,2072.4,1.8093384381750863,-2.194392676483238,1.375477062575228,11899.73,95.515,395.78,5279.0,223488.0,0.0,0.0,0.0
2020-08-11,0.643,41.61,3333.69,1976.1,-4.297021732170184,-7.376466405972264,-4.26763018925133,11388.53,88.587,378.88,6695.0,262267.0,0.0,0.0,0.0
2020-08-12,0.673,42.67,3380.35,1976.5,1.5591524364116711,3.692915608241604,2.203631373376957,11566.45,91.846,387.27,6955.0,273408.0,0.0,0.0,0.0
2020-08-13,0.717,42.24,3373.43,1998.3,1.984275196170993,1.1379614793499353,9.72706380561366,11795.95,92.787,424.94,6813.0,289412.0,3.1399999999999997,0.11,2.4
2020-08-14,0.709,42.01,3372.85,1976.8,-0.1436933862893681,-0.5161749175628776,3.25411764705882,11779.0,92.319,438.83,6633.0,303400.0,0.0,0.0,0.0
2020-08-17,0.692,42.89,3381.99,2021.6,3.23370395105564,2.752389956928253,-0.5095570773097184,12304.26,97.81,431.5,4503.0,206595.0,0.66,0.11,3.04
2020-08-18,0.67,42.89,3389.78,2036.2,-2.876955261630786,-4.961835971517856,-2.129779837775202,11950.0,92.762,422.31,7052.0,256141.0,0.0,0.0,0.0
2020-08-19,0.685,42.93,3374.85,1992.5,-1.6341509525506352,-5.535360922309206,-3.4855911534181114,11758.87,87.837,407.59,7056.0,276426.0,0.0,0.0,0.0
2020-08-20,0.652,42.58,3385.51,1969.5,0.8962595895694009,4.255537442573602,2.0412168792934238,11864.26,91.454,415.92,6415.0,273202.0,0.0,0.0,0.0
2020-08-21,0.636,42.34,3397.16,1969.6,-2.8239435076439734,-5.305323904561004,-6.700807847663013,11529.22,86.639,388.05,5746.0,261182.0,0.0,0.0,0.0
2020-08-24,0.654,42.62,3431.28,1962.3,0.8913297070131283,0.2347674164664811,4.345155842161836,11753.85,91.795,407.76,4679.0,223549.0,0.49,0.11,3.79
2020-08-25,0.688,43.35,3443.62,1945.2,-3.644435671464769,-7.799740517438765,-5.991269374141655,11324.92,84.567,383.33,6643.0,244619.0,3.27,0.23,2.33
2020-08-26,0.688,43.39,3478.73,1974.4,1.2216421837858489,1.7505858958880751,0.7410113239054511,11463.27,85.965,386.1,6571.0,282305.0,3.53,0.14,2.48
2020-08-27,0.754,43.04,3484.55,1953.1,-1.162059342578522,-2.992486799562692,-0.7432922407541709,11330.06,83.409,383.25,6222.0,284837.0,3.01,0.11,2.58
2020-08-28,0.724,42.97,3508.01,1993.2,1.8043238816086808,1.9279711884754007,3.1831346048477696,11535.0,84.906,395.47,5838.0,283356.0,0.0,0.0,0.0
2020-08-31,0.706,42.61,3500.31,1999.1,-0.5206555138272448,-2.4194827859749384,1.1587242376200622,11655.0,86.107,433.89,4333.0,260086.0,0.8999999999999999,0.18,2.41
2020-09-01,0.672,42.76,3526.65,1998.8,2.309909909909904,3.498856924023164,9.608647552318612,11924.22,89.186,475.57,6662.0,266043.0,0.0,0.0,0.0
2020-09-02,0.648,41.51,3580.84,1964.5,-4.4341684403675865,-6.41631407054915,-7.475240238030155,11395.48,83.384,440.02,6268.0,283128.0,4.07,0.25,2.16
2020-09-03,0.636,41.37,3455.06,1956.0,-10.732052768244277,-18.31341221694997,-12.982113229846131,10172.52,68.0,382.87,6071.0,281599.0,3.48,0.12,2.39
2020-09-04,0.721,39.77,3426.96,1952.8,3.2237102750358098,7.46758479232292,1.7820227659296095,10500.05,73.352,388.96,5908.0,314323.0,2.88,0.28,2.59
2020-09-08,0.682,36.76,3331.84,1961.8,-2.402987951807224,-2.115437579509239,-4.588504707246038,10125.69,74.636,337.48,5116.0,240524.0,0.0,0.0,0.0
2020-09-09,0.698,38.05,3398.96,1972.9,0.9692477393271616,1.3636972538513068,4.035794713760817,10224.56,75.668,351.1,6177.0,285308.0,0.0,0.0,0.0
2020-09-10,0.682,37.3,3339.19,1983.2,1.1606367413365473,1.797158903204492,4.827546922616841,10343.23,77.035,368.06,6023.0,299828.0,0.0,0.0,0.0
2020-09-11,0.669,37.33,3340.97,1967.4,0.485004214906074,0.019463331084238,1.627982823286408,10394.41,77.083,373.93,6028.0,321727.0,0.0,0.0,0.0
2020-09-14,0.676,37.26,3383.54,1983.9,3.3200925628533557,-0.3499840916321929,2.918871733318781,10679.95,75.168,377.28,4516.0,262519.0,0.0,0.0,0.0
2020-09-15,0.68,38.28,3401.2,1986.4,0.986476451082138,-2.98007077668094,-3.4643623929811524,10783.75,72.926,364.2,6612.0,285399.0,3.39,0.16,2.25
2020-09-16,0.698,40.16,3385.49,1990.7,1.634462727758324,0.0562352553903506,0.3241313006455176,10959.61,72.949,365.23,5901.0,304478.0,3.1599999999999997,0.15,2.29
2020-09-17,0.689,40.97,3357.01,1969.3,-0.1227519060769851,0.3852059000932252,6.634357373637797,10943.61,73.229,389.45,5606.0,314845.0,0.0,0.0,0.0
2020-09-18,0.697,41.11,3319.47,1981.9,-0.05911920606652,-1.5827063048792227,-1.2528239884986638,10937.52,72.07,384.64,5888.0,326042.0,0.0,0.0,0.0
2020-09-21,0.669,39.31,3281.06,1930.0,-4.61608616108138,-5.278384434296727,-8.333557933320746,10416.82,66.792,340.11,4323.0,274606.0,0.31,0.28,2.48
2020-09-22,0.671,39.6,3315.57,1927.5,1.0972627949193687,2.221455570888574,1.1458455752732333,10531.13,68.149,344.26,6209.0,284851.0,0.0,0.0,0.0
2020-09-23,0.677,39.93,3236.92,1887.0,-2.8109993894292336,-5.088076973848264,-6.861292665214235,10235.1,64.71,320.63,5617.0,276002.0,0.0,0.0,0.0
2020-09-24,0.668,40.31,3246.59,1894.9,4.909444869356609,4.611702948896108,8.885077186963983,10740.01,67.757,349.14,6586.0,353630.0,0.0,0.0,0.0
2020-09-25,0.656,40.25,3298.46,1884.8,-0.4606145251396587,1.2325450949133647,0.8506616257088926,10690.53,68.581,352.11,5920.0,331255.0,3.66,0.19,2.11
2020-09-28,0.658,40.6,3351.6,1901.0,-0.7741905557101839,-2.2684063103203087,-1.0125024473470612,10695.55,67.34,353.91,4006.0,254152.0,0.0,0.0,0.0
2020-09-29,0.651,39.29,3335.47,1922.1,1.3635471112399362,1.9958921235934897,1.7586518887129523,10840.73,68.529,359.9,6103.0,282869.0,0.0,0.0,0.0
2020-09-30,0.686,40.22,3363.0,1914.6,-0.5567353445301594,0.7817855632210544,-0.0111132720251216,10779.63,69.097,359.89,6505.0,326051.0,0.0,0.0,0.0
2020-10-01,0.679,38.72,3380.8,1935.4,-1.5028345128728908,-1.632464036585719,-1.9749451404127705,10617.63,67.97,352.9,8855.0,318724.0,0.0,0.0,0.0
2020-10-02,0.704,37.05,3348.44,1926.6,-0.4072020986497201,-3.013795438818644,-2.0235800929599783,10573.12,65.874,345.7,5028.0,298167.0,2.64,0.19,2.55
2020-10-05,0.778,39.22,3408.63,1939.0,1.1714140848977628,0.6996681831148871,0.3717155666534255,10795.0,67.069,353.73,7001.0,299441.0,0.0,0.0,0.0
2020-10-06,0.734,40.67,3360.95,1928.3,-1.7996715745250704,-2.69085704915099,-3.685489797071964,10602.66,65.274,340.78,5862.0,326104.0,3.02,0.27,3.68
2020-10-07,0.784,39.95,3419.45,1911.6,0.6534165943477966,1.2307739586054331,0.2582159624413132,10670.47,65.882,341.68,5904.0,351245.0,3.0300000000000002,0.19,3.22
2020-10-08,0.779,41.19,3446.83,1916.8,2.4611849337470684,1.1082395865004548,2.7948492829967844,10933.09,66.509,351.25,6356.0,361641.0,2.6399999999999997,0.1,2.97
2020-10-09,0.779,40.6,3477.13,1947.8,1.1400016830643405,1.2908570567856594,4.04077797078338,11057.07,67.247,365.36,6212.0,361257.0,0.0,0.0,0.0
2020-10-12,0.764,39.43,3534.22,1950.7,1.4194641995215311,-0.0724627583227554,3.3042177524908523,11535.46,71.709,386.74,4070.0,291593.0,0.0,0.0,0.0
2020-10-13,0.729,40.2,3511.93,1916.7,-0.929655167630938,-0.583228687037821,-1.396178607441109,11428.22,71.252,381.37,5353.0,318251.0,0.0,0.0,0.0
2020-10-14,0.727,41.04,3488.67,1929.8,-0.0045501399167903,-1.54343093883857,-0.6293101187822789,11427.7,70.106,378.97,6203.0,381779.0,3.4699999999999998,0.45,2.52
2020-10-15,0.739,40.96,3483.34,1930.8,0.7144044733410871,-0.9532656852936996,-0.2823144508060455,11509.34,69.303,377.94,6088.0,407380.0,4.1899999999999995,0.2,1.97
2020-10-16,0.749,40.88,3483.81,1928.3,-1.5670791732953475,-4.640491753603731,-3.260207997036173,11328.95,66.087,365.57,6325.0,411813.0,0.0,0.0,0.0
2020-10-19,0.772,40.83,3426.92,1933.0,2.138663563252332,11.043381535038929,0.2113271344040604,11760.45,74.871,379.36,4909.0,386225.0,0.0,0.0,0.0
2020-10-20,0.786,41.46,3443.12,1936.3,1.3892325548767197,-5.501493014823517,-2.8245461491845103,11923.83,70.889,368.81,6650.0,388958.0,3.05,0.2,3.1
2020-10-21,0.821,40.03,3435.56,1950.3,7.421997857934243,5.703986429177284,6.160353569588669,12808.0,74.775,391.53,6857.0,444755.0,0.0,0.0,0.0
2020-10-22,0.861,40.64,3453.49,1925.7,1.3976410074633,-0.3199402778148011,5.963818479149625,12987.02,74.774,414.7,5915.0,472442.0,3.9699999999999998,0.13,2.6
2020-10-23,0.841,39.85,3465.39,1926.4,-0.3935110330915798,-3.2128944162572344,-1.2348060968551045,12937.09,72.299,409.52,7065.0,497669.0,3.9000000000000004,0.24,2.68
2020-10-26,0.803,38.56,3400.97,1927.1,0.1822151288384413,-1.962614179463238,-3.248670998227995,13068.79,69.334,393.12,5589.0,485105.0,0.0,0.0,0.0
2020-10-27,0.771,39.57,3390.68,1932.9,4.815977607720374,1.9927510072056651,2.920599384333584,13698.18,70.631,404.55,7482.0,470715.0,0.0,0.0,0.0
2020-10-28,0.774,37.39,3271.03,1900.0,-3.3462267618087758,-3.5747696669028937,-3.9376112319557066,13281.05,68.028,388.63,7211.0,512118.0,0.0,0.0,0.0
2020-10-29,0.831,36.17,3310.11,1888.2,1.3473322159526462,-1.6583918446487924,-0.2547672353894727,13460.0,66.949,387.6,7165.0,550691.0,0.0,0.0,0.0
2020-10-30,0.874,35.79,3269.96,1899.9,0.8284546805349199,4.286333667229812,-1.2180959508632552,13571.51,69.754,382.77,7628.0,572136.0,3.87,0.11,3.44
2020-11-02,0.852,36.81,3310.24,1912.5,-1.5138290842815438,-5.651876934703303,-3.4214305510065355,13563.22,64.92,383.33,6185.0,561291.0,0.44999999999999996,0.24,4.26
2020-11-03,0.896,37.66,3369.16,1930.1,3.4842758577977797,-1.0453712684556558,1.3017504500039154,14035.8,64.274,388.32,9438.0,555975.0,0.0,0.0,0.0
2020-11-04,0.771,39.15,3443.44,1916.1,0.9058488636808916,0.9349143774249252,3.824067159374765,14161.48,64.777,403.18,10151.0,511384.0,2.49,0.32,4.26
2020-11-05,0.766,38.79,3510.45,1967.3,10.181873885524766,4.8504121769736575,3.4673479004935683,15608.21,67.92,417.17,8105.0,597325.0,0.0,0.0,0.0
2020-11-06,0.82,37.14,3509.44,1973.0,-0.0519603333149588,3.464121597737722,9.432289295214348,15599.95,70.248,456.65,9739.0,644955.0,3.3499999999999996,0.13,2.45
2020-11-09,0.924,40.29,3550.5,1874.5,-0.9083575482355,0.0014698533086259,-2.155693891467414,15342.25,68.035,444.81,7219.0,499100.0,0.0,0.0,0.0
2020-11-10,0.96,41.36,3545.53,1896.9,-0.1764425991226736,1.3456278125827112,1.360039564787342,15315.03,68.913,450.89,10037.0,560327.0,6.66,0.14,2.58
2020-11-11,0.977,41.45,3572.66,1881.1,2.548601217332041,0.8803021499128334,2.8610082281709586,15705.79,69.446,463.79,10515.0,651680.0,0.0,0.0,0.0
2020-11-12,0.883,41.12,3537.01,1893.5,3.8522099174890183,12.476392312904569,-0.1660377358490526,16310.81,78.017,462.98,9768.0,646443.0,0.0,0.0,0.0
2020-11-13,0.898,40.13,3585.15,1906.3,0.1762634718937931,0.1679680988832047,3.0740316692229506,16339.56,78.122,477.14,9639.0,653081.0,3.3999999999999995,0.16,2.73
2020-11-16,0.911,41.34,3626.91,1906.0,4.737883531621788,7.621127191872932,2.7307177886758804,16726.64,80.831,460.85,7894.0,530541.0,0.98,0.22,3.15
2020-11-17,0.862,41.43,3609.53,1902.6,5.696772006559648,3.115866646851923,4.732354026081107,17679.36,83.264,482.68,11089.0,611749.0,4.23,0.12,2.93
2020-11-18,0.87,41.82,3567.79,1889.5,0.5828666064097752,-3.808036518709834,-0.785085447954432,17782.91,80.075,478.96,11448.0,627445.0,3.61,0.25,2.57
2020-11-19,0.842,41.74,3581.87,1877.4,0.1765018678844253,2.4867382262844617,-1.4780793319415415,17821.58,82.303,471.92,11114.0,654463.0,4.21,0.14,2.46
2020-11-20,0.824,42.15,3557.54,1888.2,4.788092416529767,1.1606308198472763,8.160281403627732,18675.25,83.325,510.43,11799.0,672746.0,3.12,0.11,3.31
2020-11-23,0.859,43.06,3577.59,1854.3,-0.2839913696129266,3.888968410389664,8.645101465815475,18384.82,94.353,609.26,8477.0,522546.0,0.0,0.0,0.0
2020-11-24,0.885,44.91,3635.41,1820.6,4.286253550483499,21.290732792878725,-0.6253487837704668,19172.84,114.456,605.45,12728.0,593143.0,0.0,0.0,0.0
2020-11-25,0.882,45.71,3629.65,1820.2,-2.352122005539074,-10.708045012930732,-6.0550004129160255,18721.93,102.2,568.79,12145.0,639020.0,0.0,0.0,0.0
2020-11-27,0.842,45.53,3638.35,1797.5,-0.0934188080482334,0.0976710871877275,-0.2459882771211632,17153.95,92.236,519.07,11408.0,682822.0,1.7400000000000002,2.15,2.89
2020-11-30,0.842,45.34,3621.63,1790.2,8.306330835808323,4.012328590148201,6.950944704454849,19713.94,112.714,617.0,8866.0,503852.0,1.8,0.29000000000000004,3.92
2020-12-01,0.929,44.55,3662.45,1827.8,-4.722394407206259,-7.847493778883752,-5.019448946515402,18782.97,103.69,586.03,12735.0,619959.0,5.2,0.45,2.79
2020-12-02,0.938,45.28,3669.01,1838.4,2.382818782224905,1.4135263000684108,1.9594790653216612,19225.63,105.25,597.35,12682.0,654980.0,3.52,0.26,2.66
2020-12-03,0.911,45.64,3666.72,1849.0,1.1766970391391247,1.7605867359025178,3.286267021757701,19448.64,107.391,616.65,12573.0,696614.0,4.22,0.12,2.97
2020-12-04,0.973,46.26,3699.12,1849.0,-4.053854614960184,-8.334495421373127,-7.925899490640109,18658.1,98.6,567.6,12459.0,687815.0,0.0,0.0,0.0
2020-12-07,0.928,45.76,3691.96,1875.3,-1.0213361134622898,-0.5672188641907516,-1.744272970413808,19177.71,101.498,591.47,8662.0,515425.0,0.0,0.0,0.0
2020-12-08,0.921,45.6,3702.25,1884.2,-4.48900458255376,-6.548580205584654,-6.2110121211096665,18316.22,94.913,554.79,12326.0,652344.0,2.2,0.52,2.88
2020-12-09,0.938,45.52,3672.82,1847.7,1.2575192916442262,0.95696805539454,3.348954578226396,18546.55,95.791,573.38,12660.0,671998.0,3.2299999999999995,0.11,3.56
2020-12-10,0.906,46.78,3668.1,1846.9,-1.5804017458772688,-3.1746694357186853,-2.40902906185674,18253.44,92.779,559.45,12664.0,1503571.0,3.5,0.17,2.91
2020-12-11,0.896,46.57,3663.46,1853.1,-1.1777832063878366,0.1581478413357635,-2.699658520015022,18042.15,93.098,544.23,13075.0,708580.0,3.2,0.12,1.87
2020-12-14,0.898,46.99,3647.49,1841.9,0.5515830883331073,-0.3519894609003653,-0.6876111440426893,19272.37,96.82,586.39,9083.0,531761.0,0.41000000000000003,0.3,2.77
2020-12-15,0.911,47.62,3694.62,1864.9,0.893662792899885,0.1641544497212533,0.457025920873135,19444.6,97.019,589.08,13768.0,652515.0,0.0,0.0,0.0
2020-12-16,0.92,47.82,3701.17,1867.9,9.856715898985728,8.84465929354043,8.301079649623137,21359.65,105.6,637.98,13860.0,731962.0,0.0,0.0,0.0
2020-12-17,0.935,48.36,3722.48,1899.5,6.863041595468268,2.5181831956966496,0.8559201141226876,22826.48,108.251,643.37,13392.0,741521.0,2.33,0.59,2.74
2020-12-18,0.945,49.1,3709.41,1898.2,1.3641678462234663,-0.2056740205120759,1.7722227404160025,23137.76,108.201,654.66,12909.0,721603.0,1.85,0.74,2.74
2020-12-21,0.938,47.74,3694.92,1892.2,-3.1823725076682905,-4.694560285963063,-4.719597611996428,22729.4,103.983,608.07,9515.0,540314.0,0.36,0.56,4.81
2020-12-22,0.921,47.02,3687.26,1880.0,4.812577542741995,1.829467808680599,4.728074070419524,23823.27,105.811,636.82,14178.0,661646.0,3.62,0.45,4.22
2020-12-23,0.945,48.12,3690.01,1887.6,-2.500741894877179,-13.873192268143358,-8.107046942974259,23228.35,91.297,585.11,13814.0,696275.0,2.38,0.15,4.2
2020-12-24,0.926,48.23,3703.06,1893.1,2.1173520570321887,8.265524625267666,4.595384116029174,23717.96,98.592,612.27,11829.0,682170.0,2.37,0.5800000000000001,3.86
2020-12-28,0.923,47.62,3735.36,1890.8,2.990650218852221,-0.2964261078692854,6.664132961073517,27040.36,106.96,729.7,9570.0,488145.0,0.15,1.2200000000000002,3.38
2020-12-29,0.94,48.0,3727.04,1893.4,1.209198876158076,-2.8705002337540977,0.2891797437127408,27366.35,103.88,731.76,15144.0,672416.0,3.05,0.86,2.5
2020-12-30,0.926,48.4,3732.04,1904.0,5.594717600264557,-2.08992850751009,2.8792413123983724,28897.42,101.755,752.86,15606.0,740699.0,2.52,1.07,3.48
2020-12-31,0.916,48.52,3756.07,1905.8,0.3206514630025915,-2.0818610129564146,-2.0189408530025164,28990.08,99.759,737.67,13307.0,777485.0,2.78,0.61,3.12
2021-01-04,0.918,47.62,3700.65,1957.6,-3.2126927434283,-0.9923018733591376,6.317571702500923,32019.99,89.0,1042.38,10003.0,550308.0,0.28,2.48,1.81
2021-01-05,0.955,49.93,3726.86,1965.2,6.278595212650001,0.4617977528089902,5.899792754068161,34030.64,89.411,1103.73,15406.0,743805.0,3.52,0.89,2.47
2021-01-06,1.039,50.63,3748.14,1919.4,8.269761023337209,5.641897180169494,9.813266165931262,36859.26,94.484,1212.02,15105.0,791335.0,2.44,0.27,2.25
2021-01-07,1.081,50.83,3803.79,1924.0,7.179471318740515,4.863492063492068,1.2088927004650736,39505.56,99.096,1227.34,15154.0,892750.0,2.58,0.69,2.06
2021-01-08,1.119,52.24,3824.68,1845.4,2.922257473004042,-2.8696125468693388,-0.8309233839762166,40665.15,96.365,1217.35,15271.0,816991.0,4.0600000000000005,1.03,2.45
2021-01-11,1.144,52.25,3799.61,1860.9,-7.1165286703386,-14.568801089918264,-13.250736993068276,35452.59,125.413,1088.79,10043.0,616598.0,0.38,0.6699999999999999,2.5
2021-01-12,1.129,53.21,3801.19,1854.1,-3.9989688886983497,2.5950271962683966,-3.560700013779798,34038.98,128.45,1049.79,17131.0,701074.0,2.6,0.21,2.31
2021-01-13,1.092,52.91,3809.84,1864.6,9.866542404363924,3.815062246162725,7.648077984882805,37393.66,133.175,1130.8,16891.0,751177.0,3.37,0.41,2.66
2021-01-14,1.129,53.57,3795.54,1861.0,4.630382628931584,-0.3423577638632287,8.89024487305335,39125.14,132.738,1231.32,15473.0,760112.0,1.9899999999999998,0.8799999999999999,2.0
2021-01-15,1.087,52.36,3768.25,1839.0,-6.0536691285572175,-6.335216572504706,-5.155124676231539,36754.67,124.34,1168.1,15063.0,773497.0,2.49,0.45,2.01
2021-01-19,1.092,52.98,3798.91,1849.0,-1.93027948983502,-3.827308152320687,8.69969409240793,35917.28,124.635,1368.04,16643.0,599664.0,1.4,0.14,2.66
2021-01-20,1.077,53.24,3851.85,1874.8,-1.1659179592622078,-2.484830973707024,0.6711998245229264,35503.09,121.5,1376.88,18007.0,697734.0,2.43,0.24,2.06
2021-01-21,1.109,53.13,3853.07,1874.0,-13.079015235704812,-17.962844014032317,-19.35373779181645,30855.95,99.621,1110.62,17108.0,657491.0,0.0,0.0,0.0
2021-01-22,1.086,52.27,3841.47,1864.8,6.8999121723884205,5.322410413630198,11.07409441658188,32984.93,104.78,1233.6,16147.0,660675.0,3.2399999999999998,0.17,1.88
2021-01-25,1.033,52.77,3855.36,1863.9,-0.0969554562294617,-1.5544041450777255,-5.45680181343433,32261.87,104.69,1317.97,10982.0,491214.0,0.4,0.16,3.41
2021-01-26,1.033,52.61,3849.62,1859.8,0.7758709407039913,0.3862480400780109,3.7936842744199457,32510.82,105.0,1367.98,17501.0,556402.0,2.8899999999999997,0.11,2.26
2021-01-27,1.013,52.85,3750.77,1853.8,-6.470738049670844,-8.02761904761905,-9.284560333925452,30407.13,96.571,1240.96,17328.0,602232.0,3.88,0.11,2.85
2021-01-28,1.052,52.34,3787.38,1845.8,10.1100443182457,6.554123205110964,7.461591784752799,33488.99,103.073,1333.19,16996.0,614500.0,0.0,0.0,0.0
2021-01-29,1.071,52.2,3714.24,1854.7,2.3118485710668275,1.4746400714036343,3.468780228102668,34262.11,104.596,1379.87,15463.0,591824.0,4.199999999999999,0.13,2.63
2021-02-01,1.079,53.55,3773.86,1867.4,1.1933218157539431,1.1497281839565068,4.615852962441482,33533.19,103.637,1374.6,10352.0,443924.0,0.0,0.0,0.0
2021-02-02,1.095,54.76,3826.31,1837.6,5.899257448845794,6.201393311333673,10.121130551816966,35512.67,110.065,1513.67,15386.0,460115.0,2.54,0.12,2.69
2021-02-03,1.139,55.69,3830.17,1839.6,6.09740095176415,6.128318182642929,10.230207748455932,37678.37,116.981,1668.72,16109.0,527215.0,4.77,0.11,2.09
2021-02-04,1.136,56.23,3871.74,1795.9,-1.892942182240588,-4.9569683865068,-4.264371880075033,36975.0,111.207,1597.55,12990.0,469421.0,3.8200000000000003,0.15,1.9
2021-02-05,1.169,56.85,3886.83,1817.8,3.610121971766465,8.326732673267331,7.745376688745042,38311.49,120.351,1721.06,17180.0,535756.0,2.85,0.26,2.05
2021-02-08,1.176,57.97,3915.59,1838.9,19.49161633621402,6.536746546187104,8.509387128522883,46448.1,126.392,1752.98,8697.0,313764.0,0.4,0.27,3.3
2021-02-09,1.16,58.36,3911.23,1842.4,0.1314643453282253,8.666666666666673,1.094136841264593,46514.73,137.572,1772.16,16124.0,430820.0,3.1799999999999997,2.9299999999999997,2.34
2021-02-10,1.124,58.68,3909.88,1847.7,-3.5789308032100866,1.5254803918718491,-1.635523248923479,44850.0,139.695,1742.93,14020.0,439344.0,3.37,6.16,1.89
2021-02-11,1.165,58.24,3916.38,1832.0,7.01875139353401,18.04317842365165,2.571577781476144,47997.91,165.179,1787.32,13684.0,444933.0,2.65,1.03,1.86
2021-02-12,1.21,59.47,3934.83,1828.1,-1.21945426056808,3.3031665968643638,3.226600571802637,47408.34,170.193,1845.0,13108.0,431549.0,2.48,0.44,1.94
2021-02-16,1.311,60.05,3932.59,1803.9,2.5514408271420392,-4.164825495387134,0.0775024008895989,49158.71,249.412,1781.97,11457.0,350329.0,1.88,0.16,1.67
2021-02-17,1.282,61.14,3931.33,1777.7,6.162987116980522,6.491129710464128,3.920006284579208,52170.01,265.919,1852.0,11924.0,397891.0,2.44,0.17,2.03
2021-02-18,1.297,60.52,3913.97,1779.9,-1.089284820915309,5.569197266651659,4.737836816242777,51601.73,281.173,1939.64,11881.0,407899.0,2.95,0.29000000000000004,2.01
2021-02-19,1.34,59.24,3906.71,1782.2,8.503682456004336,15.214819814219489,0.9300694974325112,55983.56,324.347,1957.68,11663.0,414215.0,0.0,0.0,0.0
2021-02-22,1.369,61.49,3876.5,1813.2,-5.822019316337212,-9.988741721854304,-8.11140328671726,54142.13,271.834,1778.66,7304.0,289755.0,0.32999999999999996,0.49,1.9
2021-02-23,1.343,61.67,3881.37,1810.5,-9.654716514363702,-14.882331736958642,-11.27462282028645,48899.99,231.406,1577.83,11704.0,392058.0,2.69,0.44,1.82
2021-02-24,1.372,63.22,3925.43,1802.8,1.713354133610256,2.639336751013631,3.0079095472291257,49737.82,237.452,1625.3,12507.0,448153.0,3.68,0.45999999999999996,1.3
2021-02-25,1.53,63.53,3829.34,1780.8,-5.386907867475457,-8.218139227226956,-8.777003205621225,47058.48,217.847,1482.62,10633.0,451042.0,2.95,0.12,1.42
2021-02-26,1.407,61.5,3811.15,1734.0,-1.5674434120419352,-5.025243253166873,-2.4877703181404063,46326.2,206.931,1445.18,10795.0,446975.0,2.78,0.53,1.36
2021-03-01,1.426,60.64,3901.82,1728.2,9.744617385932983,14.096784499064407,10.551413700942469,49639.4,225.0,1571.82,7656.0,304795.0,0.35,0.58,2.05
2021-03-02,1.398,59.75,3870.29,1738.8,-2.263912981285505,-3.860048762257308,-5.314052688835589,48511.6,216.088,1488.34,10339.0,313463.0,2.49,0.17,1.62
2021-03-03,1.484,61.28,3819.72,1721.0,3.830384531169526,2.929908012363728,5.342865205530994,50360.0,222.448,1567.86,11837.0,443639.0,3.3200000000000003,0.44000000000000006,2.04
2021-03-04,1.557,63.83,3768.47,1705.9,-3.9741848028393,-5.072066567223197,-1.830527926549352,48368.52,211.283,1539.69,10301.0,456327.0,3.0,0.29,2.01
2021-03-05,1.577,66.09,3841.94,1703.8,0.8238412419680647,-2.654775042746373,-0.6956668593661726,48769.47,205.524,1528.82,10615.0,449881.0,2.8,0.71,1.58
2021-03-08,1.603,65.05,3821.35,1682.9,2.8229044836984816,1.6651145464704888,6.170896148615405,52415.23,218.336,1834.58,7117.0,300287.0,0.0,0.0,0.0
2021-03-09,1.528,64.01,3875.44,1721.9,4.775917961077338,11.852265753098417,2.022475584234386,54916.38,244.216,1871.99,10622.0,415481.0,3.15,0.33,1.83
2021-03-10,1.521,64.44,3898.81,1726.5,1.7644784994467602,-4.121426263766363,-4.089896523908489,55890.69,234.449,1795.37,10135.0,469406.0,3.43,0.47,1.66
2021-03-11,1.535,66.02,3939.34,1727.2,3.447512645668989,0.3699567815464853,1.7537801787753062,57815.47,235.49,1827.04,10218.0,479183.0,3.73,0.61,2.2
2021-03-12,1.625,65.61,3943.34,1724.3,-1.0277385997787931,-4.423526411967189,-3.2159340388605724,57225.91,224.901,1767.79,9986.0,491790.0,3.02,0.19,2.42
2021-03-15,1.607,65.39,3968.94,1733.8,-5.657803414494599,-4.309618550153588,-2.8936036698835856,55636.15,221.484,1795.07,7399.0,348978.0,0.2,0.8900000000000001,2.54
2021-03-16,1.621,64.8,3962.71,1735.2,2.333365930193343,1.1051421187462998,0.6660795505217184,56927.11,223.775,1806.03,10633.0,467561.0,2.85,0.5,2.42
2021-03-17,1.646,64.6,3974.12,1731.1,3.515689092840204,2.4394274357428323,1.0544387218253288,58925.54,229.367,1824.74,10584.0,551602.0,3.54,0.43,1.86
2021-03-18,1.706,60.0,3915.46,1736.5,-2.173234220679189,-1.5132952865931035,-2.633670421222832,57644.95,225.896,1776.4,10725.0,543903.0,2.5700000000000003,0.21,2.62
2021-03-19,1.73,61.42,3913.1,1745.8,0.6847260688056914,-0.0744182750021069,1.8565638369736557,58039.66,225.583,1809.38,10979.0,564368.0,2.5300000000000002,0.18,2.4
2021-03-22,1.695,61.55,3940.59,1742.4,-5.694273814605048,-6.610916487738728,-5.7782311628767244,54110.07,206.6,1681.02,7825.0,416314.0,0.39,0.48,2.96
2021-03-23,1.622,57.76,3910.52,1729.5,0.4325329056730889,-0.213272204973451,-0.7916022362317219,54345.54,206.337,1668.09,11570.0,515865.0,4.470000000000001,0.6,2.13
2021-03-24,1.614,61.18,3889.14,1737.2,-3.786096437781112,-7.752518541782434,-5.189496334745885,52276.16,190.92,1581.79,10426.0,635467.0,3.72,0.48,2.15
2021-03-25,1.633,58.56,3909.52,1729.1,-1.78852955308384,-0.8496550568095579,0.3230149749995196,51325.01,189.279,1587.08,11642.0,653391.0,3.93,0.25,2.46
2021-03-26,1.674,60.97,3974.54,1736.5,7.310258071002845,7.940290620871855,7.125979042350076,55072.44,204.277,1700.1,12891.0,642927.0,3.9800000000000004,0.9099999999999999,2.12
2021-03-29,1.717,61.56,3971.09,1716.5,3.284725576098913,3.2574981606243782,7.635809641239653,57613.48,214.725,1815.73,8412.0,457624.0,0.47000000000000003,0.3,2.24
2021-03-30,1.71,60.55,3958.55,1687.9,2.035451253311704,0.8569100011642815,1.4005386263376198,58786.46,216.565,1841.16,12132.0,569988.0,4.75,0.15,2.7
2021-03-31,1.744,59.16,3972.89,1717.5,0.023032514630071,2.7825589390282737,4.2894466684410375,58800.0,222.737,1920.0,12833.0,684699.0,6.9,0.61,1.97
2021-04-01,1.673,61.45,4019.87,1730.3,-0.1250509991409845,4.669752920277761,2.520325626695977,58726.48,233.334,1968.38,12455.0,713658.0,2.81,0.3,1.81
2021-04-05,1.707,58.65,4077.91,1730.7,1.5567518134391842,1.0524683724209722,1.4771397334694758,59123.02,273.738,2106.98,7666.0,485758.0,0.15,0.6799999999999999,1.93
2021-04-06,1.658,59.33,4073.94,1745.0,-1.8840069692480097,0.6209050183134142,0.2633514436878779,58019.98,275.818,2113.0,12612.0,605478.0,2.74,0.95,2.27
2021-04-07,1.679,59.77,4079.95,1743.6,-3.5606007203860184,-8.106795412697718,-7.064890823496021,55955.75,253.526,1964.23,15721.0,686113.0,1.84,0.55,1.99
2021-04-08,1.626,59.6,4097.17,1760.3,3.7890079226026927,5.673884747367183,5.934778514676611,58083.1,267.915,2081.29,14433.0,841048.0,1.76,0.91,2.17
2021-04-09,1.662,59.32,4128.8,1746.8,0.0164936100173746,-1.1845316733469309,-0.7331991216985506,58092.68,264.78,2066.03,14252.0,750760.0,2.1,0.32999999999999996,2.42
2021-04-12,1.669,59.7,4127.99,1734.6,-0.23979863849589,-2.6136272809727568,-0.5817143601141929,59839.82,280.24,2138.03,9842.0,613864.0,0.76,1.55,2.22
2021-04-13,1.62,60.18,4141.59,1749.5,6.269277408848863,4.975981956132268,7.57242682481923,63588.22,294.149,2299.92,13889.0,781531.0,3.39,1.06,1.72
2021-04-14,1.634,63.15,4124.66,1738.2,-0.9693933876431802,3.812099256764799,5.762148860222335,62971.8,305.192,2432.54,14048.0,816475.0,4.35,5.71,1.92
2021-04-15,1.574,63.46,4170.42,1768.8,0.4085003128384419,7.239131147003899,3.4894908229721877,63229.04,327.326,2517.03,13665.0,817114.0,4.34,14.639999999999999,2.04
2021-04-16,1.59,63.13,4185.47,1782.2,-2.8495925290025026,15.551599362267076,-3.591137173573629,61427.27,379.052,2426.64,13303.0,858177.0,3.41,6.99,1.76
2021-04-19,1.61,63.38,4163.26,1772.7,-1.025026810949707,-7.582705998836999,-3.4728572894315355,55696.83,294.021,2163.82,10907.0,693061.0,0.18,1.93,1.82
2021-04-20,1.566,62.44,4134.94,1780.4,1.4407642230266948,7.785246291204126,7.806571181638768,56499.29,317.503,2332.6,14317.0,854254.0,2.24,3.07,1.89
2021-04-21,1.559,61.35,4173.42,1795.2,-4.739590000791459,-7.173315793945777,1.0732447752746443,53800.86,294.967,2357.21,14940.0,891586.0,4.68,1.83,1.69
2021-04-22,1.542,61.43,4134.98,1784.0,-3.8925659747020407,-6.373952555375209,1.791970276620832,51701.59,276.312,2399.99,13878.0,899728.0,3.2,0.97,1.38
2021-04-23,1.559,62.14,4180.17,1779.9,-0.9840416991804902,-4.864203430573951,-1.2154000691894356,51187.27,262.786,2370.05,15174.0,904253.0,2.98,0.89,1.54
2021-04-26,1.568,61.91,4187.62,1782.3,10.041733678060298,12.722085070217318,9.109854764190962,54053.6,278.525,2534.0,11622.0,681685.0,0.24000000000000002,0.95,2.01
2021-04-27,1.625,62.94,4186.72,1781.0,1.8905857407702065,5.316956527983235,5.282972703128282,55069.62,293.333,2667.86,14994.0,845362.0,1.56,1.3299999999999998,1.64
2021-04-28,1.611,63.86,4183.18,1776.1,-0.3188328372036805,-1.5197744542891616,3.1384705344358403,54894.03,288.875,2751.59,16073.0,908290.0,3.0,0.73,1.87
2021-04-29,1.641,65.01,4211.47,1770.5,-2.386253477649126,-0.7215396535502839,0.2674846269025617,53580.0,287.018,2758.92,15742.0,897062.0,3.35,0.7,1.12
2021-04-30,1.626,63.58,4181.17,1769.8,7.873777528928699,11.70718945128544,0.6353935597987526,57798.77,320.231,2776.45,14074.0,880510.0,4.0,0.73,1.62
2021-05-03,1.599,64.49,4192.66,1794.0,1.03755906600612,8.841551452225541,16.319299778809764,57212.73,343.0,3433.99,11725.0,679505.0,0.39,1.8699999999999999,1.4
2021-05-04,1.591,65.69,4164.66,1778.2,-6.940430914588422,5.532690652938007,-5.648822506763257,53241.92,361.803,3240.01,14081.0,808227.0,2.22,0.52,1.45
2021-05-05,1.571,65.63,4167.59,1786.5,8.027097450110258,9.89667621063114,8.962807251490139,57515.69,397.26,3529.97,14908.0,842846.0,4.16,1.01,2.22
2021-05-06,1.57,64.71,4201.62,1817.9,-1.86910736878928,11.678369195922988,-1.054119593423156,56440.66,443.754,3492.75,14666.0,870467.0,3.17,0.53,1.95
2021-05-07,1.579,64.9,4232.6,1833.5,1.657494877297863,-8.589433389910075,-0.2184787806421532,57380.39,405.0,3484.7,14461.0,833478.0,4.34,0.45,1.49
2021-05-10,1.604,64.92,4188.43,1839.8,-4.196996802131352,-8.74018955810677,0.5355856440646461,55866.41,371.86,3949.45,11077.0,619070.0,0.35,1.23,1.48
2021-05-11,1.622,65.28,4152.1,1838.1,1.5873768803348365,14.957807723769756,5.831444884730796,56753.19,427.22,4179.76,14242.0,739447.0,2.4699999999999998,0.97,1.32
2021-05-12,1.693,66.08,4063.04,1824.8,-12.78240042542103,-15.72933329591483,-8.455010682405982,49498.77,360.338,3826.37,13877.0,760634.0,1.7200000000000002,0.52,2.04
2021-05-13,1.659,63.82,4112.5,1826.1,0.3865753404731725,-0.1228192602930907,-2.80004286046566,49690.11,357.81,3719.23,13716.0,725841.0,1.75,0.74,1.98
2021-05-14,1.635,65.37,4173.85,1840.0,0.4251012634685935,3.812346231268164,9.714133608659893,49893.48,371.316,4080.51,13031.0,718049.0,2.02,1.78,2.17
2021-05-17,1.652,66.27,4163.29,1869.6,-6.179185796234205,-11.15470801301674,-8.409697639192247,43580.5,294.587,3283.32,11160.0,538884.0,0.33,0.65,2.75
2021-05-18,1.64,65.49,4127.83,1870.1,-1.6403695134638363,3.299666036674985,2.8215343006469022,42857.15,304.984,3375.96,14210.0,623047.0,3.68,1.7199999999999998,1.76
2021-05-19,1.676,63.36,4115.68,1883.4,-14.308393434744628,-37.46009397357607,-27.630308737392586,36731.75,191.0,2443.91,13576.0,672421.0,3.08,1.38,2.39
2021-05-20,1.628,62.05,4159.12,1883.9,10.583485593203728,19.15811518324608,13.550417159388042,40623.33,227.592,2775.07,13061.0,279804.0,2.6799999999999997,4.630000000000001,1.91
2021-05-21,1.623,63.58,4155.86,1878.9,-8.080276216274234,-17.02804888771652,-12.259194395796843,37340.77,188.728,2434.86,13029.0,626631.0,1.52,3.3200000000000003,1.58
2021-05-24,1.603,66.05,4197.05,1886.7,11.852165547336394,33.7792197431056,26.245315632336045,38878.56,201.22,2651.24,9047.0,452490.0,0.38,1.02,3.13
2021-05-25,1.56,66.07,4188.13,1900.5,-1.3189098363375742,-3.0611434752835915,2.111579177619289,38361.81,195.357,2707.56,13221.0,532855.0,2.58,0.84,1.88
2021-05-26,1.581,66.21,4195.99,1903.8,2.427987626235586,9.515608070813828,6.724771489243842,39293.23,214.287,2889.84,12739.0,569680.0,4.0600000000000005,0.68,1.8
2021-05-27,1.606,66.85,4200.88,1898.5,-1.873986943806874,-4.197262472358815,-4.9809131904908455,38556.88,205.357,2745.51,13007.0,554329.0,2.31,0.43,1.52
2021-05-28,1.581,66.32,4204.11,1905.3,-7.46017312604131,-10.635368556726194,-12.07321737546672,35680.47,183.042,2413.81,11938.0,500600.0,2.5,0.79,1.7
2021-06-01,1.606,67.72,4202.04,1905.0,-1.5860777766421206,-2.897420181645957,-2.712464040001913,36685.0,191.697,2634.42,15343.0,463035.0,1.46,0.13,1.71
2021-06-02,1.589,68.83,4208.12,1909.9,2.4340200174512945,5.288906931476338,2.739840422705216,37577.91,202.3,2706.64,11907.0,486232.0,3.11,0.21,1.48
2021-06-03,1.625,68.81,4192.85,1873.3,4.434909103681223,3.9000672681228337,5.53443645243399,39248.55,210.061,2856.68,9858.0,489432.0,3.41,1.5499999999999998,1.46
2021-06-04,1.557,69.62,4229.89,1892.0,-6.094545172890518,-8.957952468007313,-5.812589919243337,36856.52,191.232,2690.68,10960.0,419736.0,2.46,0.4,1.46
2021-06-07,1.569,69.23,4226.52,1898.8,-6.213799368053165,-6.930682399849133,-4.3711291530337855,33575.91,172.732,2592.47,8047.0,320590.0,0.18,0.78,1.65
2021-06-08,1.538,70.05,4227.26,1894.4,-0.4919376797510569,-3.7850889382990585,-3.215466331336512,33402.13,166.167,2509.11,10369.0,367227.0,2.98,0.18,1.39
2021-06-09,1.492,69.96,4219.55,1895.5,11.98046352133832,6.393210069486184,4.071978000079713,37403.86,177.0,2611.27,10497.0,419941.0,3.45,0.27,1.61
2021-06-10,1.437,70.29,4239.18,1896.4,-1.900026066208161,-3.821213524779999,-5.353833192923334,36694.05,170.273,2471.59,15994.0,449711.0,3.51,0.21,1.96
2021-06-11,1.454,70.91,4247.44,1879.6,1.753730967046925,-2.7337073041792688,-4.706282190816444,37338.44,165.591,2355.27,11810.0,420998.0,2.54,0.61,1.38
2021-06-14,1.497,70.88,4255.15,1865.9,3.906755411475114,3.033761238298264,2.8937702671479126,40539.47,177.861,2582.86,7863.0,307380.0,0.2,0.21,3.23
2021-06-15,1.489,72.12,4246.59,1856.4,-0.9264409899568076,-3.466846558169605,-1.5051598288446977,40162.37,171.718,2543.58,10588.0,371354.0,3.7,0.42000000000000004,1.08
2021-06-16,1.581,72.15,4223.7,1861.4,-4.499868768561026,-4.232606922270137,-6.913118176421334,38351.0,164.356,2367.73,10332.0,398713.0,3.37,0.32999999999999996,1.65
2021-06-17,1.511,71.04,4221.86,1774.8,-0.6670751740502249,-0.2550507971098368,0.2149275411275945,38095.17,163.862,2373.33,9299.0,392547.0,2.72,0.37,1.22
2021-06-18,1.443,71.64,4166.45,1769.0,-5.936735151273083,-5.173529699101219,-5.8508509141164575,35841.81,155.303,2234.47,9229.0,406888.0,1.8900000000000001,0.32,1.46
2021-06-21,1.497,73.66,4224.79,1782.9,-11.172914806724824,-19.423972450856343,-15.92677304727382,31609.82,123.544,1885.67,6851.0,293682.0,0.51,0.14,1.85
2021-06-22,1.467,73.06,4246.44,1777.4,2.9375364997333087,-3.360745969047466,-0.2036605869031349,32538.37,119.392,1881.65,8999.0,371828.0,1.8,1.71,1.21
2021-06-23,1.485,73.08,4241.84,1783.4,3.532541050865263,6.7042008076542805,4.631519635984771,33688.35,127.36,1968.37,9533.0,437801.0,2.69,0.95,1.52
2021-06-24,1.499,73.3,4266.49,1776.7,2.8676542833149927,2.9453070447288257,1.0389359669979092,34654.58,131.211,1988.81,8620.0,404925.0,2.1399999999999997,0.54,1.6
2021-06-25,1.524,74.05,4280.7,1777.8,-8.830620342826279,-8.932441990462928,-9.037565177166243,31594.63,119.742,1809.07,9230.0,421946.0,2.09,0.19,1.25
2021-06-28,1.482,72.91,4290.61,1780.7,-0.6203374213773896,4.096306016768684,4.985288486729411,34493.22,132.474,2083.79,6503.0,328344.0,0.34,0.92,1.58
2021-06-29,1.475,72.98,4291.8,1763.6,4.09083292310778,6.2322711086969615,3.9438768900042738,35904.28,140.813,2166.18,8128.0,379660.0,2.05,3.2600000000000002,1.35
2021-06-30,1.468,73.47,4297.5,1771.6,-2.3566144760078798,3.370586813405576,5.129199682311,35060.0,145.399,2276.72,9222.0,397001.0,3.4499999999999997,0.49,1.26
2021-07-01,1.459,75.23,4319.94,1776.8,-4.403565316600113,-5.197258166433149,-7.454957526990327,33516.11,138.029,2107.01,8667.0,440986.0,2.5999999999999996,0.6,1.38
2021-07-02,1.431,75.16,4352.34,1783.3,0.8775942655127641,-1.805797101449268,2.2891709168544656,33805.02,135.508,2156.0,8280.0,441272.0,1.9700000000000002,0.98,1.44
2021-07-06,1.352,73.37,4343.54,1794.2,1.5667204189712332,1.68994771182737,5.66594154750744,34225.73,134.969,2321.84,8549.0,453439.0,1.43,0.28,1.51
2021-07-07,1.323,72.2,4358.13,1802.1,-1.0143248995200205,0.2382083172548888,-0.2316768581517377,33878.56,135.077,2316.82,8582.0,463455.0,2.15,0.5700000000000001,1.22
2021-07-08,1.294,72.94,4320.82,1800.2,-2.9621157337032806,-6.309410030154193,-8.659239571288039,32875.95,126.457,2116.95,8842.0,480356.0,2.55,0.56,1.0
2021-07-09,1.361,74.56,4369.55,1810.6,2.884509801237698,1.4846629648964575,1.468600859991491,33824.26,128.303,2147.38,8398.0,507522.0,3.96,0.87,1.81
2021-07-12,1.368,74.1,4384.63,1805.9,-3.40965147484386,-1.0721704227771718,-5.170795489037792,33091.1,126.685,2030.72,8058.0,436692.0,0.38,0.2,2.02
2021-07-13,1.418,75.25,4369.21,1809.9,-1.0378375829077435,-1.9956564659427447,-4.430897111397816,32734.14,124.098,1940.76,8333.0,519989.0,3.1100000000000003,0.8,1.48
2021-07-14,1.349,73.13,4374.3,1825.0,0.2512667203109658,-0.3584461400286415,2.7711638166506893,32816.39,123.146,1994.11,8641.0,541470.0,2.66,0.65,1.27
2021-07-15,1.301,71.65,4360.03,1829.0,-2.88602271774986,-0.3280658730287596,-3.813712314203757,31868.68,122.742,1918.07,8537.0,572129.0,2.95,0.54,1.35
2021-07-16,1.3,71.81,4327.16,1815.0,-1.519900076837424,-6.423707275748588,-2.1766658502649823,31388.06,114.878,1877.22,8726.0,598287.0,2.66,0.8300000000000001,1.56
2021-07-19,1.199,66.42,4258.63,1809.2,-2.970896016122634,19.330162607964933,-3.860509870681906,30842.03,137.744,1818.44,7055.0,496529.0,0.52,1.3,2.04
2021-07-20,1.222,67.42,4323.21,1811.4,-3.391085673969689,-9.34927536231884,-1.7591905193983892,29796.16,125.098,1786.46,20759.0,529948.0,5.78,0.8,1.97
2021-07-21,1.292,70.3,4358.69,1803.4,7.850141712939413,11.17858857417186,11.736290309038298,32135.19,138.951,1996.18,8703.0,558816.0,5.29,1.75,2.16
2021-07-22,1.277,71.91,4367.48,1805.4,0.420058296851153,2.3921207499388606,1.429709299121834,32287.74,142.323,2024.75,8761.0,564400.0,3.76,0.4,1.74
2021-07-23,1.281,72.07,4411.8,1801.8,4.210606189653977,0.645361071426059,4.991233485615505,33647.26,143.008,2125.81,7784.0,690010.0,3.79,0.26,1.84
2021-07-26,1.295,71.91,4422.23,1799.2,5.178127624141743,1.74383687010238,1.6365776005984414,37262.77,142.303,2228.26,7781.0,540372.0,0.0,0.0,0.0
2021-07-27,1.239,71.65,4401.46,1804.0,5.924735580509874,2.7942344317710632,3.225184075092772,39470.48,146.269,2300.59,9874.0,610234.0,2.1500000000000004,1.0,1.82
2021-07-28,1.238,72.39,4400.65,1804.6,1.41632926748639,4.3949877156603065,0.0060862155911398,40035.1,152.543,2300.42,10165.0,644301.0,3.84,0.9099999999999999,1.56
2021-07-29,1.266,73.62,4419.15,1835.8,0.0108404874722525,7.754385505233779,3.588379491993947,40039.44,164.5,2383.32,10831.0,652869.0,0.0,0.0,0.0
2021-07-30,1.226,73.95,4395.26,1817.2,5.490861011043098,0.3864072016111424,3.374491812357625,42237.95,165.489,2463.9,9640.0,730301.0,2.5300000000000002,0.53,2.12
2021-08-02,1.179,71.26,4387.11,1822.2,-1.7802423431691363,1.0203189589499673,2.039522846333519,39149.59,161.78,2608.12,7915.0,578074.0,0.33999999999999997,0.56,1.22
2021-08-03,1.174,70.56,4423.15,1814.1,-2.4474074951998075,-3.1575037147102667,-3.8268944680459462,38191.44,156.42,2508.31,10347.0,637401.0,3.7199999999999998,0.15,2.2
2021-08-04,1.18,68.15,4402.68,1814.5,4.014229079273312,3.330136811149472,8.633819214085234,39722.41,161.629,2724.71,10626.0,675403.0,3.9799999999999995,0.2,1.82
2021-08-05,1.225,69.09,4429.1,1808.9,2.945298082273166,1.7326855079989103,3.8404087040455632,40888.74,164.575,2829.35,10949.0,688926.0,0.0,0.0,0.0
2021-08-06,1.305,68.28,4436.52,1763.1,4.844488933747755,1.771815016679121,2.243867269366573,42869.58,167.493,2892.98,10580.0,821814.0,3.21,0.52,1.67
2021-08-09,1.325,66.48,4432.35,1726.5,5.604329538674607,10.490131944358724,4.917521531989445,46285.48,179.036,3162.34,8639.0,653833.0,0.12,0.72,2.04
2021-08-10,1.354,68.29,4436.75,1731.7,-1.4786949006050054,-1.7598401464579891,-0.6400344050114878,45595.66,176.011,3142.09,11557.0,648645.0,3.3,1.28,1.53
2021-08-11,1.335,69.25,4447.7,1753.3,-0.1059826120975034,3.0931410733881823,0.6501855399754404,45553.49,181.313,3162.61,10423.0,728525.0,3.55,0.88,1.81
2021-08-12,1.361,69.09,4460.84,1751.8,-2.4827289470969025,-0.4659019397860351,-3.635173425759602,44422.14,180.31,3047.21,10675.0,710787.0,2.58,3.3,2.31
2021-08-13,1.283,68.44,4468.0,1778.2,7.679704831936315,13.467503426386791,9.10012765775907,47833.64,204.49,3324.51,10477.0,805711.0,3.42,4.6499999999999995,1.63
2021-08-16,1.268,67.29,4479.66,1789.8,-2.365063625214239,-6.9505968829702,-4.965841341942968,45902.46,201.023,3146.6,9813.0,678610.0,0.35,0.32,2.78
2021-08-17,1.267,66.59,4448.08,1787.8,-2.6831233190177057,-3.387624738601533,-4.309095531684983,44671.58,194.501,3011.01,10768.0,683063.0,3.33,0.3,2.22
2021-08-18,1.26,65.46,4400.27,1784.4,0.073060440054864,7.917624609750707,0.086660003917966,44707.98,209.821,3014.38,10835.0,728219.0,2.73,0.33999999999999997,2.2
2021-08-19,1.243,63.69,4405.8,1783.1,4.600338633522044,5.0342867497687145,5.633994386905431,46765.87,220.259,3184.21,11508.0,715645.0,2.8499999999999996,0.92,1.58
2021-08-20,1.255,62.32,4441.67,1784.0,5.502317559786381,5.7756944822950205,3.2113606672696133,49342.4,232.88,3286.58,10464.0,790119.0,4.91,0.37,1.46
2021-08-23,1.253,65.64,4479.54,1806.3,0.4506904621707783,5.924513825822813,2.520816558226205,49506.5,270.599,3323.12,10043.0,704447.0,0.41000000000000003,0.14,1.32
2021-08-24,1.297,67.54,4486.23,1808.5,-3.680632863295545,-7.9753260225251985,-4.55163779508602,47682.45,248.393,3171.52,11096.0,686926.0,3.8600000000000003,1.02,1.81
2021-08-25,1.349,68.36,4496.19,1791.0,2.736604348140678,6.537600463865217,1.815549963102429,48987.33,264.584,3228.51,11355.0,730318.0,3.63,0.48,1.71
2021-08-26,1.354,67.42,4469.91,1795.2,-4.368302546744263,-12.281947913085206,-4.191097441234514,46851.47,232.166,3093.2,11659.0,735688.0,2.1,0.56,1.62
2021-08-27,1.31,68.74,4509.37,1819.5,4.751398408630505,4.389088638663416,5.883513164829552,49077.57,242.428,3274.67,10240.0,745702.0,2.17,0.37,2.01
2021-08-30,1.28,69.21,4528.79,1812.2,-3.7065048610135007,-4.0133438025401125,0.0793441708379302,46993.71,216.376,3229.01,9507.0,686533.0,0.11,0.43000000000000005,1.24
2021-08-31,1.307,68.5,4522.68,1818.1,0.2461869744322955,3.2938045983914384,6.23130237657246,47112.5,223.597,3430.23,9138.0,619185.0,1.94,0.37,1.25
2021-09-01,1.299,68.59,4524.09,1816.0,3.6712330395477992,6.775093186023433,11.644023323615157,48839.86,238.905,3829.39,12509.0,727341.0,2.63,0.23,1.73
2021-09-02,1.285,69.99,4536.95,1811.5,0.9114500943702156,0.1703898452675925,-1.0790512079262775,49279.37,239.271,3787.97,11215.0,677016.0,2.46,0.22,0.98
2021-09-03,1.326,69.29,4535.43,1833.7,1.5130466332977457,3.301715388374454,4.008764056807986,50025.0,247.326,3940.06,10698.0,718117.0,2.5,0.34,1.2
2021-09-07,1.377,68.35,4520.03,1798.5,-11.014102787919274,-19.041402170174177,-12.51705390050703,46894.5,207.118,3436.96,10493.0,725517.0,1.94,0.2,1.26
2021-09-08,1.336,69.3,4514.07,1793.5,-1.7787377578901005,-2.8050153481971942,1.8502946097330368,46060.36,202.012,3500.34,10105.0,631696.0,2.42,0.33,1.44
2021-09-09,1.297,68.14,4493.28,1800.0,0.738298834084451,0.4779944068704251,-2.131422987021156,46400.0,202.64,3424.95,10778.0,637634.0,3.5,11.459999999999999,1.57
2021-09-10,1.343,69.72,4458.58,1792.1,-3.3296002738151844,-4.770993307589503,-6.264017381553126,44851.45,193.093,3209.82,9195.0,634007.0,3.33,3.57,1.69
2021-09-13,1.326,70.45,4468.73,1794.4,-2.3465818483612115,-3.323182711198424,-3.4552457393332805,44947.72,196.834,3286.2,9059.0,601295.0,0.32,0.43,1.24
2021-09-14,1.284,70.46,4443.05,1807.1,4.836115224645699,4.695201037613501,4.584467047716444,47127.22,205.836,3436.29,9969.0,551378.0,4.1899999999999995,1.09,1.06
2021-09-15,1.304,72.61,4480.7,1794.8,2.16498496323085,1.5176836377769118,5.219582747672639,48148.12,208.964,3615.65,10450.0,567961.0,2.0,0.23,1.26
2021-09-16,1.336,72.61,4473.76,1756.7,-0.8118763634868027,-0.4194867624901392,-1.3004469422072746,47753.16,208.188,3568.66,10486.0,576553.0,3.77,0.65,1.79
2021-09-17,1.363,71.97,4432.99,1751.4,-0.9416132757734336,-4.213166023722484,-4.729080327395714,47303.5,199.387,3400.0,8687.0,593543.0,2.69,0.12,1.59
2021-09-20,1.312,70.29,4357.73,1763.8,-8.974406454011755,-11.816834402628494,-10.581308018145217,43012.97,170.16,2976.48,8197.0,534071.0,0.42000000000000004,2.09,1.2
2021-09-21,1.328,70.56,4354.18,1778.2,-5.320188087293235,-7.679190921385314,-7.078108830920993,40719.6,157.01,2765.69,9118.0,469173.0,3.52,0.47,1.15
2021-09-22,1.304,72.23,4395.64,1778.8,6.967384044062364,11.56659739038139,11.32233765951984,43575.1,175.54,3078.43,10136.0,538165.0,4.0,0.24,1.37
2021-09-23,1.435,73.3,4448.98,1749.8,3.034754409561941,5.432388950377101,2.475295768608566,44897.59,184.804,3154.62,9781.0,511714.0,3.79,0.17,1.71
2021-09-24,1.453,73.98,4455.48,1751.7,-4.560773600644158,-10.388275455386465,-7.095123667742404,42848.92,165.641,2930.61,8803.0,547577.0,2.82,0.13,1.27
2021-09-27,1.491,75.45,4443.11,1752.0,-2.317256695690757,-4.954178330645209,-4.400441841616777,42171.76,153.806,2925.27,7774.0,472642.0,0.32,1.07,1.63
2021-09-28,1.546,75.29,4352.63,1737.5,-2.7041493552554114,-4.340278906478554,-4.121970973286809,41026.07,147.139,2805.65,9383.0,449461.0,2.58,1.0499999999999998,1.46
2021-09-29,1.524,74.83,4359.46,1722.9,1.199043923510959,3.6246784887785006,1.586090874096463,41522.16,152.692,2850.14,9369.0,502797.0,3.7,0.8700000000000001,1.68
2021-09-30,1.492,75.03,4307.54,1757.0,5.552431157604293,9.043763317488924,5.290011966129887,43824.43,166.319,3000.46,8836.0,484757.0,2.6100000000000003,0.54,1.56
2021-10-01,1.465,75.88,4357.05,1758.4,9.895003044795343,6.330826253990585,10.330074571662768,48165.76,176.859,3311.16,8613.0,539416.0,4.699999999999999,0.64,1.4
2021-10-04,1.481,77.62,4300.46,1767.6,2.097172554043327,-2.180163989666408,-0.9483482131107837,49245.54,174.178,3387.2,7250.0,444529.0,0.39,0.3,1.02
2021-10-05,1.528,78.93,4345.72,1760.9,4.56878819871526,4.747556909963673,3.791077386400546,51493.99,182.862,3515.3,7416.0,420173.0,4.6899999999999995,0.51,0.83
2021-10-06,1.528,77.43,4363.55,1761.8,7.455780870477687,1.1118085309608965,1.6657852987837034,55339.48,185.252,3575.85,9224.0,512959.0,4.46,0.47,1.16
2021-10-07,1.576,78.3,4399.76,1759.2,-2.7989437539015203,2.126292833545653,0.337205888520751,53797.82,189.191,3588.51,8865.0,432836.0,3.82,1.04,1.27
2021-10-08,1.612,79.35,4391.36,1757.4,0.2943195727719837,0.271217624387384,-0.692983507159712,53963.82,189.66,3563.96,7560.0,474469.0,2.47,0.36,1.08
2021-10-11,1.628,80.52,4361.19,1755.7,5.128367837296696,0.3153464965773436,3.737316055348119,57487.44,182.596,3542.37,5828.0,381993.0,0.22,0.32,1.36
2021-10-12,1.572,80.64,4350.64,1759.3,-2.5760546442897327,-1.1427914966246888,-1.4564395008751536,56005.1,180.709,3490.61,8133.0,433302.0,2.95,0.58,1.06
2021-10-13,1.542,80.44,4363.8,1794.7,2.432314199956792,1.5510701331782748,3.382070214344859,57367.32,183.386,3608.21,8775.0,463337.0,4.21,0.5900000000000001,0.68
2021-10-14,1.516,81.31,4438.23,1797.9,-0.0136140227572033,1.634275137459856,5.077831633147935,57359.51,186.692,3791.66,7970.0,444566.0,2.56,0.46,0.82
2021-10-15,1.574,82.28,4471.37,1768.3,7.559130125065569,3.8240508159581896,2.0751452100467964,61695.39,193.853,3869.73,7285.0,457080.0,1.91,0.32999999999999996,1.16
2021-10-18,1.591,82.44,4486.48,1765.7,0.8326660444234889,0.3712219703237327,-2.648555640461823,62042.41,186.833,3745.48,6501.0,414767.0,0.47,0.45,0.88
2021-10-19,1.641,82.96,4519.63,1770.5,3.6438629066573793,3.999978583972247,3.5523466475129024,64303.14,194.247,3878.17,8272.0,442151.0,3.54,2.11,0.87
2021-10-20,1.66,83.87,4536.19,1784.9,2.680117953804424,3.919932848233916,7.312130158443661,66026.54,201.799,4161.94,8653.0,471198.0,4.36,0.8,0.81
2021-10-21,1.696,82.5,4549.78,1781.9,-5.781834518153695,-2.464504299130255,-2.5933303378561794,62204.02,196.812,4053.9,7666.0,456984.0,5.5,0.75,0.84
2021-10-22,1.638,83.76,4544.9,1796.3,-2.4377367311207148,-0.6941266209000809,-2.0330688189601704,60687.64,195.285,3971.55,8192.0,485649.0,2.94,0.47000000000000003,0.8
2021-10-25,1.633,83.76,4566.48,1806.8,3.6741278377515294,2.694108947498153,3.4011988956637444,63083.54,208.315,4220.93,6651.0,431008.0,0.5800000000000001,0.24,1.09
2021-10-26,1.61,84.65,4574.79,1793.4,-4.350435528636074,-4.641986213252951,-2.124771389854912,60337.62,198.646,4131.47,7923.0,442780.0,4.08,0.79,0.71
2021-10-27,1.55,82.66,4551.68,1798.8,-3.1122504876669064,-11.896643633766836,-5.039700497798978,58455.47,175.19,3923.94,9153.0,512483.0,2.9499999999999997,0.33999999999999997,1.21
2021-10-28,1.578,82.81,4596.42,1802.6,3.6414994647016967,4.668670404188462,9.247795050518944,60591.65,183.525,4288.26,8547.0,459078.0,2.4000000000000004,0.5,0.77
2021-10-29,1.561,83.57,4605.38,1783.9,2.7810606844542782,2.26043181929621,3.1010318894653897,62276.72,187.698,4421.23,8028.0,504829.0,3.92,0.71,1.04
2021-11-01,1.561,84.05,4613.67,1795.8,-0.6465440303771163,-1.8306375078437376,0.7593856854166697,60949.54,189.299,4322.89,6280.0,423037.0,0.57,0.37,0.8
2021-11-02,1.547,83.91,4630.65,1789.4,3.7897743305050833,5.896970882615749,6.294862927347212,63266.51,200.284,4595.01,7273.0,429489.0,3.09,0.28,0.98
2021-11-03,1.603,80.86,4660.57,1763.9,-0.523325930784849,0.7130240402367111,0.256841674520637,62935.41,201.843,4606.07,8317.0,521182.0,3.5599999999999996,0.63,0.82
2021-11-04,1.53,78.81,4680.06,1793.5,-2.3689370370252694,-1.3446094241563982,-1.4962864220474303,61444.5,199.129,4537.15,7656.0,527779.0,1.58,0.21,1.1
2021-11-05,1.455,81.27,4697.53,1816.8,-0.7133918761470662,-2.3090952024477494,-1.2710650321568229,61006.15,194.443,4479.47,8560.0,515316.0,3.34,0.44000000000000006,1.02
2021-11-08,1.493,81.93,4701.7,1828.0,6.706332357802468,9.451466349004988,4.215261399051803,67554.84,212.245,4811.9,6710.0,478496.0,0.54,1.66,1.15
2021-11-09,1.439,84.15,4685.25,1830.8,-0.9021950249377813,10.428198285698116,-1.6687829522287536,66944.66,234.216,4731.59,8169.0,482832.0,2.5999999999999996,1.32,1.22
2021-11-10,1.57,81.34,4646.71,1848.3,-3.027483628319374,-7.338525122109512,-2.099932792006046,64912.2,217.028,4632.22,8119.0,574104.0,2.14,1.44,0.93
2021-11-11,1.578,81.59,4649.27,1863.9,-0.1611561463022368,6.867417178902775,1.9351370722092889,64807.59,232.1,4721.87,7548.0,515908.0,1.48,0.81,0.78
2021-11-12,1.57,80.79,4682.85,1868.5,-1.0181347194231332,-4.637068965517246,-1.138089458533755,64147.9,221.242,4667.34,8658.0,594396.0,1.91,0.6799999999999999,0.9
2021-11-15,1.618,80.88,4682.81,1866.6,-2.870680312641644,-2.184953142179024,-1.3303477059877378,63624.59,224.196,4565.06,6714.0,540328.0,0.39999999999999997,0.63,1.63
2021-11-16,1.64,80.76,4700.9,1854.1,-5.5218673693691,-11.43277723258096,-7.774179837610698,60107.98,198.55,4209.5,7620.0,526401.0,1.94,0.9,0.76
2021-11-17,1.585,78.36,4688.67,1870.2,0.4158793881556558,-4.657446027058169,1.8886479219171832,60351.51,189.5,4289.4,9128.0,624866.0,3.0300000000000002,0.47,0.78
2021-11-18,1.587,79.01,4706.64,1861.4,-5.7223257545668735,-7.20668917493142,-6.795122861006197,56898.0,175.899,3997.93,8200.0,612610.0,2.05,0.6000000000000001,0.79
2021-11-19,1.548,76.1,4697.96,1851.6,2.150673322265672,7.61482171670113,7.52719097077205,58122.16,189.415,4299.55,8317.0,619373.0,0.0,0.0,0.0
2021-11-22,1.632,76.75,4682.95,1806.3,-4.074246282930547,-4.697220670660065,-4.078779462543165,56280.81,197.921,4089.16,7231.0,631729.0,2.4699999999999998,0.36,1.33
2021-11-23,1.676,78.5,4690.7,1783.8,2.2850417398043863,-5.243506247442155,6.173624476360724,57566.85,187.543,4341.62,8030.0,606687.0,4.880000000000001,0.74,0.8
2021-11-24,1.643,78.39,4701.46,1784.3,-0.6948776680712198,8.93911616107783,-1.6316640485721825,57162.66,204.409,4270.74,8532.0,670962.0,2.57,0.41000000000000003,0.61
2021-11-26,1.482,68.15,4594.62,1785.5,-8.877150361930699,-14.482437559647126,-10.677198958257394,53757.67,183.696,4043.67,6953.0,594299.0,2.02,0.5800000000000001,1.02
