date,price_treasury,price_oil,price_S&P,price_gold,close_BTC,close_DASH,close_ETH,BTC_return,DASH_return,ETH_return,Daily_Death_Global,Daily_Infection_Global,topic_ratio,exposure_ratio,panic_index
2020-01-03,1.793,63.05,3234.85,1596.4,0.05455756985338489,0.09279412751154181,0.05641774935557198,5.607327264716291,9.41591768269785,5.803958678337659,0.0,0.0,0.0,0.0,0.0
2020-01-06,1.809,63.27,3246.28,1613.3,0.05699637992996465,0.261973447602466,0.07202422171617595,5.563667509584801,11.24539685027031,6.562707856034288,0.0,0.0,0.0,0.0,0.0
2020-01-07,1.811,62.7,3237.18,1618.7,0.04948397422187689,-0.041726270515217045,-0.007727959927739114,5.072875333402883,-4.086771257021108,-0.7766990291261971,0.0,0.0,0.0,0.0,0.0
2020-01-08,1.874,59.61,3253.05,1603.8,-0.013948608129879858,-0.03757864894926488,-0.0174849350142523,-1.4031845549208886,-3.938550554802791,-1.7332960581492998,0.0,0.0,0.0,0.0,0.0
2020-01-09,1.855,59.56,3274.7,1597.8,-0.02922533020491258,-0.03574164927201595,-0.020768954637530257,-2.907272218943186,-2.984016252060246,-2.0833333333333184,0.0,0.0,0.0,0.0,0.0
2020-01-10,1.82,59.04,3265.35,1603.3,0.04801235866705866,0.1153458566096508,0.04965081634800583,4.918362175541165,12.466097836200593,5.082776648271856,0.0,0.0,0.0,0.0,0.0
2020-01-13,1.848,58.08,3288.13,1593.7,-0.011481737339178011,0.20109626618930854,-0.008396121904199916,-0.9327927185694376,5.001889501927288,-2.0743773456158445,0.0,0.0,0.0,0.0,0.0
2020-01-14,1.813,58.23,3283.15,1587.5,0.0841136254828374,0.24719832545276965,0.14413623988827773,8.76048657718121,27.59694148363868,15.512195121951214,0.0,0.0,0.0,0.0,0.0
2020-01-15,1.786,57.81,3289.29,1596.6,-0.0007807314079233407,0.39482526694643294,0.003192293028704718,-0.0427797534887676,48.05958095921753,0.3318450585253909,0.0,0.0,0.0,0.0,0.0
2020-01-16,1.809,58.52,3316.81,1593.0,-0.010734217178555383,-0.03814132862469233,-0.014293744661457275,-1.0676811056203876,-4.443759259398539,-1.4073494917904632,0.0,0.0,0.0,0.0,0.0
2020-01-17,1.825,58.54,3329.62,1603.4,0.020967966208754518,-0.11963322413235744,0.03394425191694417,2.11881667559786,-11.23280552427896,3.408536585365856,0.0,0.0,0.0,0.0,0.0
2020-01-21,1.774,58.34,3320.79,1601.0,-0.020134097082468827,-0.023941145365196093,-0.002361415584604565,1.0793972341749778,1.0502543010851324,1.5180607224288978,0.0,0.0,0.0,0.0,0.0
2020-01-22,1.769,56.74,3321.75,1599.7,-0.00709340747346765,-0.024193282384110226,-0.008964942638027829,-0.7068308639158711,-2.334396902015337,-0.9510307755921704,0.0,0.0,0.0,0.0,0.0
2020-01-23,1.731,55.59,3325.54,1608.3,-0.032287969259728655,-0.049717631802487006,-0.031994973405099714,-3.177227789080847,-4.851965264656889,-3.177726107434558,1.0,98.0,0.0,0.0,0.0
2020-01-24,1.686,54.19,3295.47,1615.4,0.005001057264644615,-0.01804340559107409,-0.0006159532070322271,0.5014781979223072,-2.1604607423721203,-0.1169302726321605,7.0,188.0,0.0,0.0,0.0
2020-01-27,1.613,53.14,3243.63,1620.8,0.05412555157105281,0.11647186214560001,0.04499810530199699,3.5015706806282623,1.5310393245785434,1.3068385248836365,18.0,523.0,1.22,4.19,1.34
2020-01-28,1.661,53.48,3276.24,1613.2,0.05452717055620049,0.028783365649387882,0.03598259541957738,5.6042356353171865,3.1029644233672578,3.657674637766526,23.0,1842.0,15.14,0.22,0.99
2020-01-29,1.581,53.33,3273.4,1614.5,-0.011353795423563184,0.04253772137778444,-0.014537801826360663,-1.0935839525339726,4.732551203022473,-1.3984423853106749,-47.0,-2062.0,0.0,0.0,0.0
2020-01-30,1.591,52.14,3283.66,1627.3,0.022845340360058586,0.009382874148004205,0.06203105606024906,2.316777743085092,0.2311456463471582,6.424081656190539,36.0,1479.0,12.27,0.16,1.22
2020-01-31,1.505,51.56,3225.52,1626.1,-0.017847322071101956,-0.05202396360237316,-0.026409067245780626,-1.7650754363755137,-4.978471915262834,-2.5905050942987216,4.0,-376.0,13.42,0.17,1.34
2020-02-03,1.526,50.11,3248.92,1621.0,-0.005854287388547874,-0.009016787897116352,0.05245540956772743,-0.4774257614737189,0.9140350877192996,0.637551801083832,22.0,1408.0,1.42,0.4,1.48
2020-02-04,1.603,49.61,3297.59,1595.0,-0.01259557270962297,-0.04153140738588679,-0.006249027378848027,-1.2516580482280557,-4.046393545245888,-0.6177076183939536,2.0,911.0,0.0,0.0,0.0
2020-02-05,1.649,50.75,3334.69,1602.2,0.047882872181766345,0.1083859628253876,0.08040224942510932,4.904777545112406,11.446771109882835,8.366533864541832,6.0,-266.0,0.0,0.0,0.0
2020-02-06,1.644,50.95,3345.78,1609.5,0.015399107917906107,-0.02439346061894021,0.04293740252500644,1.5508778426259489,-2.4130081300813035,4.382138130483799,-2.0,-583.0,0.0,0.0,0.0
2020-02-07,1.582,50.32,3327.71,1612.8,0.004602722541809712,-0.012271738244862718,0.047100435858346223,0.4613331339412646,-1.2196747533990924,4.827650981497135,15.0,432.0,0.0,0.0,0.0
2020-02-10,1.563,49.57,3352.09,1618.2,0.004448672457547431,0.07404833009641454,-0.0016589328350038457,-3.113383082424304,-0.5274310911668978,-2.600524475524483,22.0,-986.0,2.11,0.26,1.69
2020-02-11,1.602,49.94,3357.75,1608.8,0.04157584813213511,0.015696835641877627,0.06568773713444287,4.245222690721875,1.603553355163173,6.784528403481996,-7.0,-566.0,10.55,0.16,1.04
2020-02-12,1.637,51.17,3379.45,1609.8,0.00786769484594707,0.031547735184855874,0.11315008292271145,0.7898726486147432,2.954229062353391,11.975293079541157,-95.0,-1624.0,0.0,0.0,0.0
2020-02-13,1.619,51.42,3373.94,1617.0,-0.01113690508215548,-0.022460461519053787,0.007216198519940598,-1.1075119334797208,-2.030719022739878,0.6713423095675732,248.0,14734.0,0.0,0.0,0.0
2020-02-14,1.588,52.05,3380.16,1624.1,0.013086481184423349,0.01787796877494774,0.06438250345369845,1.317248392759629,1.8287696881233144,6.669896039050556,-101.0,-8624.0,0.0,0.0,0.0
2020-02-18,1.559,52.05,3370.29,1641.1,-0.017830785300866125,-0.13818452812577764,-0.010393716939471886,5.031340206185576,0.912173913043484,5.633855331841914,-12.0,-4646.0,6.01,0.16,1.05
2020-02-19,1.568,53.29,3386.15,1649.5,-0.059443051524773693,-0.10410799837961626,-0.09102724649678784,-5.77108060039027,-9.679397488383335,-8.710383285099157,-25.0,-1382.0,0.0,0.0,0.0
2020-02-20,1.519,53.78,3373.23,1658.0,0.001037994109895024,0.007231736684435219,-0.004883162825072063,0.1727214733339696,0.7710852594520103,-0.4293837762562429,10.0,60.0,10.07,0.12,0.63
2020-02-21,1.473,53.38,3337.75,1686.3,0.008868936823233753,0.0232063374189444,0.0321128511171187,0.8908382370539236,2.643029200902587,3.343701399688967,-121.0,69.0,0.0,0.0,0.0
2020-02-24,1.37,51.43,3225.89,1713.5,-0.0036847144811034127,-0.04036526393814466,-0.0018451926682860886,-3.0607124937280483,-4.218238330465673,-3.69173805720924,156.0,-61.0,1.62,0.19,1.58
2020-02-25,1.355,49.9,3128.21,1686.4,-0.037441758130214,-0.08091390920565633,-0.07353696012811461,-3.674948240165632,-7.990403422393947,-7.166798478514659,-80.0,286.0,0.0,0.0,0.0
2020-02-26,1.335,48.73,3116.39,1678.2,-0.05826912306220322,-0.12166120808619318,-0.09795057942912067,-5.6602962496467,-11.35491581573815,-9.249634562286827,-19.0,123.0,0.0,0.0,0.0
2020-02-27,1.274,47.09,2978.76,1676.4,0.0038872663539599728,0.05353488162501918,0.018310089705673604,0.3894831573311519,6.00209140385484,1.7204397175797632,-18.0,382.0,9.75,0.19,1.68
2020-02-28,1.163,44.76,2954.22,1596.6,-0.011825690367144759,-0.008364010553213674,-0.0011428572672498305,-1.2026228317961658,-1.2281994595922314,-0.1010544815465684,16.0,29.0,0.0,0.0,0.0
2020-03-02,1.152,46.75,3090.23,1620.6,0.023390908296278212,0.02170437141474757,0.020675832830360008,4.607911009938641,7.354233463959164,6.800404895555351,30.0,591.0,2.17,0.5900000000000001,3.0
2020-03-03,0.999,47.18,3003.37,1670.0,-0.017785952113966275,-0.01804847277700894,-0.03672512216744295,-1.8092409529543425,-1.2742961348574486,-3.605893503360333,-15.0,622.0,0.0,0.0,0.0
2020-03-04,1.055,46.78,3130.12,1666.9,0.0003219453748144474,-0.02225376259014311,0.0036135748986625416,0.0323139407821335,-2.3635504981222075,0.3754693366708401,21.0,-299.0,6.73,0.61,2.59
2020-03-05,0.917,45.9,3023.94,1690.5,0.03471976248459541,0.0358233418363767,0.018005782127930026,3.540871621999572,3.2524895599100474,1.8486346830593687,-2.0,516.0,5.92,0.36,2.84
2020-03-06,0.773,41.28,2972.37,1691.6,0.009692494638850135,0.04349622311257839,0.07139260237773826,0.973850574079014,4.445604951166129,7.419072615923014,20.0,1098.0,6.45,0.64,2.83
2020-03-09,0.559,31.13,2746.56,1691.5,-0.1434606410440935,-0.24236974903316355,-0.19146898477892282,-1.2840690095337757,0.0922659430122087,1.6340033081048666,77.0,265.0,2.3,0.48,5.23
2020-03-10,0.8,34.36,2882.23,1676.6,-0.005033745751408247,0.012929821333707459,-0.0112580850337487,-0.5026113609324286,1.5753918090499963,-1.114618267902935,86.0,642.0,9.11,0.21,4.78
2020-03-11,0.877,32.98,2741.38,1658.3,0.005478538252964071,-0.035107569350667944,-0.029816690853549765,0.5493572887058106,-3.2932566649241943,-3.0005482729402293,69.0,2836.0,6.12,0.43,4.26
2020-03-12,0.812,31.5,2480.64,1606.5,-0.49122610116435084,-0.47908703176258527,-0.5677936296336172,-38.81242874509483,-38.06514206514207,-43.32545473229884,-36.0,-1860.0,0.0,0.0,0.0
2020-03-13,0.983,31.73,2711.02,1532.2,0.1490168910381673,0.1453719055777971,0.20584151207516577,16.06925943464207,15.73501746842246,22.855847688123298,183.0,8552.0,5.42,0.41,6.06
2020-03-16,0.74,28.7,2386.13,1500.0,-0.1125266797679938,-0.17181155648740454,-0.19609766017310015,-5.783768417351492,-8.778401945166419,-9.689451066245036,195.0,442.0,1.02,0.4599999999999999,8.8
2020-03-17,1.069,26.95,2529.19,1541.1,0.05674024897751728,0.05396321044338048,0.041417974188421525,5.788946318911899,6.825898879017634,4.247485632183912,129.0,1212.0,3.88,0.27,6.58
2020-03-18,1.183,20.37,2398.1,1494.6,0.015249682466963677,0.31796475727087214,0.021390734213681206,1.53665521943242,37.24752690509839,2.1885231776667173,102.0,3542.0,3.43,0.26,6.32
2020-03-19,1.158,25.22,2409.39,1497.2,0.13340900906366926,0.03946317417033196,0.1418859406834656,14.2666627261779,4.585198044243426,15.254237288135595,198.0,7551.0,3.99,0.17,6.49
2020-03-20,0.885,22.43,2304.92,1501.4,0.003201975564143922,0.09048369727129302,-0.025265281655455496,0.3602950926773524,9.553780974732552,-2.473472374679836,379.0,3783.0,0.0,0.0,0.0
2020-03-23,0.763,23.36,2237.4,1588.3,0.04482691908890679,-0.005048402767390492,0.027603780236489683,11.614138023538157,14.903290065544288,12.010465211348212,463.0,11786.0,0.95,0.59,8.05
2020-03-24,0.858,24.01,2447.33,1669.2,0.0416450580612846,-0.02135181688414889,0.014493007302566419,4.205076398535175,-2.299684630627125,1.45985401459854,352.0,-1581.0,3.58,0.25,6.13
2020-03-25,0.869,24.49,2475.56,1639.0,-0.011247294882002379,-0.029040468864478086,-0.01990910778516941,-1.1090747856931713,-2.717780002860809,-1.9359481827995668,514.0,10003.0,3.08,0.14,6.63
2020-03-26,0.848,22.6,2630.07,1668.3,0.009996261433366627,0.008185784365224436,0.01990910778516941,0.9933185986840471,0.4659272391613278,1.943527686101948,216.0,11773.0,3.01,0.25,6.25
2020-03-27,0.676,21.51,2541.47,1661.0,-0.05878373540949333,-0.011411094780434006,-0.05501091180983497,-5.734319526627223,-1.052370387669319,-5.3525179856115095,445.0,2048.0,2.44,0.25,5.42
2020-03-30,0.726,20.09,2626.65,1649.3,0.005327603071670239,-0.028655255760375198,0.00576020995452442,8.971284134322623,8.75831668620298,6.340914570441201,596.0,369.0,0.54,0.73,9.21
2020-03-31,0.668,20.48,2584.59,1602.7,0.002797967649641464,-0.012172270482928127,0.0057272198748954395,0.2801885614385728,-1.2098488068492488,0.5895691609977333,651.0,11540.0,2.6,0.22,5.3
2020-04-01,0.602,20.31,2470.5,1597.6,0.036941023051211275,0.012930984347641505,0.022733316869528508,3.768512551330775,1.4074541231484,2.299368800721351,1282.0,6096.0,2.58,0.38,4.8
2020-04-02,0.611,25.32,2526.9,1642.7,0.020550615845744247,0.025060289163418403,0.03882794072594287,2.076323373001657,2.26777609682301,3.9591596885559097,-122.0,-4.0,2.52,0.26,5.23
2020-04-03,0.599,28.34,2488.65,1650.1,-0.009231963673931531,-0.0038536264322788227,7.06539018908714e-05,-0.9148707276639272,-0.3846210742762542,0.0424088210347768,286.0,1404.0,2.42,0.44,4.94
2020-04-06,0.678,26.08,2663.68,1696.0,0.08519622053283094,0.08413868428936144,0.19200090395835634,8.304320630686982,9.149158098644016,20.10645003151481,-243.0,-10441.0,0.59,1.0,6.66
2020-04-07,0.726,23.63,2659.41,1685.4,-0.019468939194270618,-0.01600452499495919,-0.0412472549987033,-1.927930750318393,-1.7633992450361768,-4.074376311494526,2376.0,-4473.0,2.69,0.27,4.94
2020-04-08,0.771,25.09,2749.98,1685.8,0.023350216553062353,0.04778095330048604,0.052034345620811884,2.36249671875455,4.898451806226058,5.360398687249314,-1482.0,13923.0,2.43,0.34,5.16
2020-04-09,0.729,22.76,2789.82,1755.4,-0.01048473973416364,0.0938724428790394,-0.021043590789298072,-1.0466217481323938,9.698338484296173,-2.121893559361129,1039.0,4032.0,2.52,0.18,5.03
2020-04-13,0.77,22.41,2761.63,1764.6,-0.06106408070536595,-0.12252746797276881,-0.07961079310737507,-0.6790559515468731,-0.9930473213323204,-1.2970658607228325,-1849.0,-16370.0,0.64,0.16,6.41
2020-04-14,0.75,20.11,2846.06,1773.5,0.002352500397099888,-0.015428912759463564,0.011984544697773991,0.2457543243869577,-1.6327917884576268,1.205664710385312,1086.0,12862.0,0.0,0.0,0.0
2020-04-15,0.635,19.87,2783.36,1748.2,-0.03751877855967223,-0.03639528642482581,-0.037766995651573154,-3.676064284592524,-3.3483410680889403,-3.724476934711367,1439.0,-5688.0,3.02,0.12,4.11
2020-04-16,0.617,19.87,2799.55,1739.4,0.07115595005337028,0.09212836071779407,0.12175352716638166,7.382971849230488,10.147869782442806,12.95496203194555,-1125.0,17226.0,3.35,0.28,4.23
2020-04-17,0.642,18.27,2874.56,1705.6,-0.010626173301199415,0.0009146023424211336,-0.009666974885195856,-1.0864737531554147,-0.511921003053343,-0.9792559972186964,1082.0,-7191.0,2.92,0.12,4.2
2020-04-20,0.616,-37.63,2823.16,1718.0,-0.02872423287966619,-0.03276239767242828,-0.0022847779352455078,-4.102121811322875,-7.853865380071877,-5.424894608386954,-2453.0,-12756.0,0.4499999999999999,0.51,5.52
2020-04-21,0.566,10.01,2736.56,1694.9,0.002262657563733228,0.007166947222530418,0.003337532740628646,0.2407411199288605,0.481973127978661,0.3990844533129918,1354.0,517.0,2.97,0.23,4.21
2020-04-22,0.618,13.78,2799.31,1746.5,0.040484367057427306,0.07994788401455022,0.06801423568942244,4.131655011110836,8.13037488798833,7.050570008769366,-375.0,5883.0,3.31,0.13,3.83
2020-04-23,0.603,16.5,2797.8,1754.5,0.04814247569508012,0.004566048928682065,0.013829978818163724,4.932455817094746,0.2703737083173969,1.398143091206992,-29.0,1675.0,3.25,0.14,3.94
2020-04-24,0.605,16.94,2836.74,1745.6,0.0034405408162374584,0.0015870578178152073,0.011673492667945595,0.3088834011880174,-0.1399442678091409,1.1796391058443294,-84.0,413.0,3.06,0.12,3.8
2020-04-27,0.664,12.78,2878.48,1735.5,0.03595821654881348,0.019984113597173447,0.04649581679788728,1.0818280909374132,-1.494397493115564,-0.5156723963599646,-1984.0,-13723.0,0.54,0.43,5.22
2020-04-28,0.616,12.34,2863.39,1735.4,-0.004472248296369941,-0.006588793912172264,-0.0005591561970570424,-0.4462262685547868,-0.6806490862436576,-0.1066639577407598,1905.0,5602.0,0.0,0.0,0.0
2020-04-29,0.628,15.06,2939.51,1727.0,0.12570215576224086,0.03591745378560329,0.09217589621336408,13.36271686360249,3.7211899069095695,9.67249796582588,112.0,1182.0,3.78,0.12,3.55
2020-04-30,0.646,18.84,2912.43,1709.9,-0.01945976070851252,-0.05562668871308496,-0.04471104263797088,-1.940991405334164,-5.379780173473334,-4.408083804579595,-893.0,6382.0,4.94,0.2299999999999999,3.44
2020-05-01,0.618,19.78,2830.71,1717.8,0.023507846122241105,0.027911398482623362,0.02801866207129944,2.3738851760297166,2.440136549055376,2.846474638735333,-583.0,5227.0,4.58,0.47,3.39
2020-05-04,0.631,20.39,2842.74,1737.7,0.006109673241166291,-0.04099845543662539,-0.024968476937597295,-0.2730176192908469,-1.6639140187837336,-1.6076864535768622,-919.0,-11409.0,0.0,0.0,0.0
2020-05-05,0.662,24.56,2868.44,1740.5,0.016219360129770877,-0.004346139913212532,-0.006936892645237336,1.5862175271523735,-0.5807113714300001,-0.7680417350980597,1575.0,2915.0,0.0,0.0,0.0
2020-05-06,0.709,23.99,2848.42,1718.4,0.013968105382247131,-0.031158434404014557,-0.030494838687710413,1.4067238320127438,-2.775287566762198,-3.036496350364968,758.0,10299.0,0.0,0.0,0.0
2020-05-07,0.639,23.55,2881.19,1757.6,0.08867551321823441,0.025363585562732105,0.06419029731083725,9.272602364187028,2.570129870129869,6.715218483174287,-1188.0,-1512.0,3.7,0.47,3.24
2020-05-08,0.685,24.74,2929.8,1748.3,-0.019659705688438223,0.03596284345506895,-0.004150362039349709,-1.9036295657060769,3.7536909604734414,-0.4282352941176454,231.0,1691.0,0.0,0.0,0.0
2020-05-11,0.707,24.14,2930.32,1731.5,-0.13485453349888843,-0.15697822117077287,-0.12928018109622563,-1.80369444641725,-3.3560291132072764,-0.9166000532907002,-2012.0,-14228.0,0.72,0.5700000000000001,6.18
2020-05-12,0.667,25.78,2870.12,1738.5,0.0286351147139996,0.04669408365695915,0.022179990702412056,2.9049041108674403,5.062402384329911,2.2427795406873487,1964.0,8086.0,3.81,0.36,3.66
2020-05-13,0.654,25.29,2820.0,1747.1,0.05511495790039689,0.006999260697215348,0.05036703703231282,5.666327718584675,0.7614732733798318,5.2598325698941615,-394.0,515.0,3.34,0.29,3.24
2020-05-14,0.617,27.56,2852.5,1770.9,0.049608949688835224,0.011713834930890066,0.017257197087762854,5.090630146392225,1.1782710565163674,1.7406962785114135,96.0,10924.0,2.97,0.26,3.5
2020-05-15,0.644,29.43,2863.7,1786.2,-0.0505921326185792,-0.032777329649617215,-0.043714571236305844,-4.933366274167102,-3.316483457701468,-4.277286135693224,54.0,273.0,2.98,0.17,3.65
2020-05-18,0.726,31.82,2953.91,1767.9,0.043747147979532386,0.0500684443131334,0.09903857112989112,0.5277216622147333,1.40615827952399,3.825163004105282,-1487.0,-7437.0,0.81,0.1,4.01
2020-05-19,0.692,32.5,2922.94,1780.4,0.005662090496796779,0.014731114979844584,-0.001210203089429207,0.567815042781428,1.4840152611498487,-0.0698129014241858,978.0,8082.0,0.0,0.0,0.0
2020-05-20,0.69,33.49,2971.61,1788.2,-0.028442033564562763,0.015577179920922113,-0.022371244034516735,-2.8022490767685,1.746662511038386,-2.253258845437618,66.0,5325.0,0.0,0.0,0.0
2020-05-21,0.68,33.92,2948.51,1756.4,-0.04819640247623447,-0.073264961072522,-0.05552358490888665,-4.705239026647323,-6.898183073559322,-5.396522981662293,-108.0,4558.0,3.19,0.22,3.08
2020-05-22,0.657,33.25,2955.45,1770.8,0.011725346613332022,0.027764889717666996,0.04287004184629328,1.20892075784938,2.604023902198352,4.385479079603232,572.0,-341.0,2.8200000000000003,0.62,3.02
2020-05-26,0.695,34.35,2991.77,1745.9,-0.03602402712069619,-0.028616737041206264,-0.03140644673143722,-0.6244943820224711,-0.9637898175878008,-1.577426150002449,-1016.0,-13531.0,1.38,0.16,3.39
2020-05-27,0.695,32.81,3036.13,1746.8,0.040343476716600435,0.012009735626360651,0.03665024678283135,4.116950706717586,1.2082142071695692,3.753671528849501,777.0,10728.0,3.18,0.5,3.11
2020-05-28,0.697,33.71,3029.73,1750.3,0.03956719636368078,0.020207053303648692,0.056118255642134685,4.036040497234628,2.234256789854673,5.772275802504678,-407.0,14982.0,3.38,0.27,3.08
2020-05-29,0.653,35.49,3044.31,1773.8,-0.016454775935072163,-0.012037448940704465,0.0008162155262017023,-1.630165312979841,-1.1675897326658795,0.1043604519261392,136.0,2598.0,3.56,0.15,2.85
2020-06-01,0.667,35.44,3055.73,1773.7,0.08002311723132038,0.07342746855481685,0.11863884235672373,8.079014761010935,4.846583899839907,7.336991746964521,-1632.0,-25410.0,0.72,0.6599999999999999,4.1
2020-06-02,0.687,36.81,3080.82,1759.6,-0.06961254728351207,-0.020537147406232137,-0.04402916358079434,-6.724485158135599,-2.102616700855553,-4.311247081555423,1687.0,26003.0,0.0,0.0,0.0
2020-06-03,0.746,37.29,3122.87,1732.8,0.015175484411441786,-0.00047285252355511176,0.028572779935906567,1.5390383688335705,0.1959603980685807,2.9028186790071544,642.0,-7525.0,3.39,0.16,2.77
2020-06-04,0.825,37.41,3112.35,1759.3,0.012331507357588478,0.004922035363136956,-0.005822313384800104,1.2408901061847069,0.3728103774066718,-0.5764749172083882,-410.0,16659.0,0.0,0.0,0.0
2020-06-05,0.893,39.55,3193.93,1716.0,-0.018022016290515808,-0.009431741420033113,-0.012996333746960076,-1.825477228256652,-0.8592924522297012,-1.2912246072867894,-381.0,228.0,3.81,0.12,2.39
2020-06-08,0.878,38.19,3232.39,1738.5,0.017355674594059067,-0.0011948891010078455,0.026759236548823395,0.3219447555517205,-0.27564102564103,0.7189836186118793,-886.0,-29848.0,0.99,0.26,3.24
2020-06-09,0.824,38.94,3207.18,1755.0,-0.00021471382819093776,-0.003954585446515502,-0.010273644115093461,-0.0214690778826619,-0.3946776370765599,-1.0221050496856663,1033.0,23330.0,3.73,0.62,2.38
2020-06-10,0.736,39.6,3190.14,1753.5,0.011653400622996912,0.010553577904188316,0.016782530873187262,1.1691565180936034,0.9397841977027488,1.6882478282248832,281.0,10768.0,3.37,0.36,2.52
2020-06-11,0.666,36.34,3002.1,1771.3,-0.06534768552742243,-0.0862453869100479,-0.07534242916497824,-6.328763385164265,-8.334503132936034,-7.298505659161399,-426.0,1966.0,4.1,0.18,2.2
2020-06-12,0.71,36.26,3041.31,1768.1,0.020928219197003273,0.021349202840426074,0.03156266102375138,2.114875012947556,1.926576194907839,3.211088902407237,-248.0,-8072.0,4.01,0.31,2.36
2020-06-15,0.72,37.12,3066.59,1758.5,-0.0033487359769335256,-0.01902696744582677,-0.027962804600060842,1.113775549035619,-0.6074243825669171,-0.1556151119564336,-969.0,-10866.0,0.84,0.5800000000000001,3.13
2020-06-16,0.741,38.38,3124.74,1768.2,0.009886792653942322,0.007830698564602834,0.01870015034884176,0.993154569751407,0.8043454100911421,1.896432282646344,3258.0,23297.0,3.9,0.17,2.25
2020-06-17,0.733,37.96,3113.49,1767.4,-0.007242011111818769,-0.0049458544673832705,-0.006950246504849211,-0.7215850938197064,-0.5070756341890166,-0.6968345018058153,-1522.0,3112.0,0.0,0.0,0.0
2020-06-18,0.707,38.84,3115.34,1761.9,-0.00864097042257761,-0.01114140067363234,-0.011446893214658083,-0.8603744537410037,-1.1079565127068725,-1.1297017416235124,-253.0,-4076.0,3.1900000000000004,0.67,2.78
2020-06-19,0.694,39.75,3097.74,1782.1,-0.00794840904733185,-0.019158622121880242,-0.010397953202451404,-0.791690397114373,-1.8632670215746685,-1.03440813676694,1061.0,39507.0,0.0,0.0,0.0
2020-06-22,0.71,40.46,3117.86,1794.7,0.040951034959434196,0.03259639387989122,0.061771313633710356,4.357031016116496,3.236712219337524,6.820377689942908,-2664.0,-41987.0,0.0,0.0,0.0
2020-06-23,0.715,40.37,3131.29,1809.7,-0.006956531784409137,0.023488400772697204,-0.0004523491389969436,-0.6925217761001106,2.560872634653444,-0.0493339911198834,1840.0,28832.0,3.85,0.12,2.52
2020-06-24,0.679,38.01,3050.33,1805.1,-0.03571606105020031,-0.023861547997425347,-0.036355457000309066,-3.5085768676040847,-2.3908467807221188,-3.554385387526746,1.0,5877.0,0.0,0.0,0.0
2020-06-25,0.682,38.72,3083.76,1800.9,-0.004576513890214073,-0.018837153010038854,-0.010591638648049795,-0.4569273546889199,-1.7125610887292089,-1.0535744753455036,-506.0,5528.0,3.49,0.63,3.24
2020-06-26,0.64,38.49,3009.05,1810.8,-0.00957563000671513,-0.004885566261639163,-0.010966495548923483,-0.947313528753708,-0.4368781532737708,-1.0778649650771752,23.0,13294.0,3.72,0.39,2.67
2020-06-29,0.627,39.7,3053.24,1812.6,0.003165782990317112,-0.02402367377085035,-0.007129609205391851,0.7815011801523847,2.0281065088757537,1.2758957944340734,-1078.0,-38201.0,0.69,0.13,4.28
2020-06-30,0.658,39.27,3100.29,1833.2,-0.005267292542068702,-0.013531571648314866,-0.01028048499248957,-0.5723278037695947,-1.3526247879728126,-1.0227821430139206,1204.0,22808.0,3.63,0.11,2.82
2020-07-01,0.676,39.82,3115.86,1814.8,0.011294094802469345,0.004165083896509714,0.02431610900589476,1.139021728541541,0.5977444715997849,2.452328159645233,122.0,40946.0,3.44,0.15,2.54
2020-07-02,0.669,40.65,3130.01,1825.0,-0.01619542803769214,-0.026215842130892675,-0.019890931415624813,-1.6005350991026397,-2.5875190258751912,-2.0203331170235845,145.0,-7562.0,3.45,0.29,2.51
2020-07-06,0.678,40.63,3179.72,1830.8,0.027317368323791058,0.05384262621263769,0.0648337574874489,2.963731917477452,4.28624452527652,6.1637817414989895,-1320.0,-46139.0,0.8899999999999999,0.14,4.58
2020-07-07,0.64,40.62,3145.32,1851.8,-0.009611172400116885,-0.004809245285803065,-0.009479926302793373,-0.9565132699225326,-0.645262155516698,-0.9681022713168688,2183.0,46142.0,3.84,0.3999999999999999,2.92
2020-07-08,0.666,40.9,3169.94,1871.2,0.019406448334670756,0.04052383119837266,0.031944505687745206,1.959597749715258,4.086476593554297,3.2460208046121,-649.0,4073.0,4.15,0.14,2.56
2020-07-09,0.613,39.62,3152.05,1854.0,-0.02124411053278763,-0.01845318927708206,-0.02101725151935785,-2.102004392026521,-1.494162565989887,-2.067904981587153,116.0,11120.0,4.0,0.12,3.0
2020-07-10,0.643,40.55,3185.04,1852.0,0.00583982661379423,0.0051083183884355066,-0.00331126130365611,0.5856911642912275,0.2750090739034574,-0.3305785123966989,-133.0,7769.0,3.73,0.27,2.67
2020-07-13,0.618,40.1,3155.22,1864.8,-0.00584307444437826,-0.0023973807565669247,-0.007323601308587335,-0.7143640268375486,-0.6020001941936075,-1.3879164779045363,-1385.0,-42713.0,0.5,0.8300000000000001,3.84
2020-07-14,0.625,40.29,3197.52,1862.7,0.0021650437302067616,0.0037607643845625205,0.004126123344044608,0.2168474089278844,0.6577198113603588,0.4932079414838064,1712.0,30818.0,3.65,0.55,2.52
2020-07-15,0.633,41.2,3226.56,1862.8,-0.00724019403801357,-0.012985559928337054,-0.008772718974380922,-0.721404697448624,-1.3079981095882631,-0.8610648918469189,-134.0,10167.0,0.0,0.0,0.0
2020-07-16,0.618,40.75,3215.57,1847.4,-0.006555603717480096,-0.024999697665210263,-0.02085970407801163,-0.6603342472907548,-2.588341210893525,-2.0725823368995164,328.0,20896.0,4.390000000000001,1.77,3.18
2020-07-17,0.623,40.59,3224.73,1854.3,0.0026448791424051876,0.0045385530067418856,-0.0033473552841432053,0.2558337431127013,0.5027811890486151,-0.3597892662868905,851.0,-9074.0,3.78,1.13,3.07
2020-07-20,0.613,40.81,3251.84,1860.8,0.0007381790681435518,-0.010317116049768593,0.0148062355395151,-0.5747768886728031,-2.422120808412941,-1.320738945080664,-3252.0,-37427.0,0.0,0.0,0.0
2020-07-21,0.605,41.96,3257.3,1891.9,0.02512528968579275,0.03507879857838869,0.03965231452318996,2.5443589981497774,3.646908340358732,4.036083347450449,2623.0,29234.0,0.0,0.0,0.0
2020-07-22,0.6,41.9,3276.02,1919.0,0.01500689536036326,0.035664199970985244,0.07310138854702775,1.5120064210241797,3.616248580282413,7.588340661130104,948.0,45244.0,0.0,0.0,0.0
2020-07-23,0.577,41.07,3235.66,1947.2,0.0080483289798714,-0.00455729955418871,0.042231625617934476,0.8078689624798038,-0.3589569928885886,4.313606780687163,-717.0,2872.0,4.36,0.17,3.1
2020-07-24,0.587,41.29,3215.63,1957.5,-0.006473466926291138,-0.018052121174703117,0.014083471561326277,-0.6452559178799308,-1.6847663373343125,1.4624764116707696,-192.0,-805.0,3.98,0.19,2.6
2020-07-27,0.615,41.6,3239.41,1988.3,0.14566393252697551,0.07352643993844854,0.14197236518925216,11.1448546423901,3.120565494741581,3.4710849950229594,-1242.0,-56083.0,0.54,0.3,3.24
2020-07-28,0.579,41.04,3218.44,1996.6,-0.010433545010036127,0.02870088492922296,-0.014535366799012017,-1.030227053642948,2.9725904002058967,-1.49499085015975,1409.0,24169.0,3.85,0.36,2.81
2020-07-29,0.577,41.27,3258.44,2007.7,0.01595816911902226,0.01825279447576822,0.0017931581682493203,1.6087110008761618,1.7352441825626692,0.2015621063240247,430.0,38253.0,0.0,0.0,0.0
2020-07-30,0.545,39.92,3246.22,1997.7,0.0005246091759545379,-0.0006628451026449156,0.052501076166194593,0.0701286261631167,0.1660414488653722,5.393682225365402,-366.0,-7977.0,0.0,0.0,0.0
2020-07-31,0.533,40.27,3271.12,2017.1,0.020979451170534347,0.013840418474640792,0.03386576325681023,2.1197392225074063,1.1712958992391516,3.4630872483221515,-149.0,10523.0,0.0,0.0,0.0
2020-08-03,0.554,41.01,3294.61,2017.7,-0.010493017383629066,0.060716512662995825,0.10748591497013926,1.4969107636259815,3.0718086668467794,3.769580053198643,-1776.0,-84559.0,0.74,0.14,3.78
2020-08-04,0.512,41.7,3306.51,2052.6,-0.0032179899790367728,-0.009205258379203052,0.009277938827914944,-0.3215479882775549,-1.0009223516551145,0.9190462629766774,2218.0,47895.0,0.0,0.0,0.0
2020-08-05,0.549,42.19,3327.77,2081.7,0.048778086074511506,0.059414130200964976,0.028799886880984893,4.998638034125067,6.072660381696937,2.9377052545155964,485.0,23896.0,0.0,0.0,0.0
2020-08-06,0.538,41.95,3349.16,2103.2,0.0014568242114467722,0.08576414919806208,-0.014890606463984213,0.1457885895336672,8.895918190484448,-1.4780289623887757,-626.0,4987.0,0.0,0.0,0.0
2020-08-07,0.566,41.22,3351.28,2061.4,-0.014317358766856358,-0.040004116507526,-0.04008123306161249,-1.4215352784848423,-3.9300528184775225,-3.928860554543608,-95.0,988.0,0.0,0.0,0.0
2020-08-10,0.581,41.94,3360.47,2072.4,0.02494870160821172,-0.011109085236531868,0.04134535984487542,1.8093384381750863,-2.194392676483238,1.375477062575228,-1457.0,-60504.0,0.0,0.0,0.0
2020-08-11,0.643,41.61,3333.69,1976.1,-0.04390900223384975,-0.07529818323232096,-0.04363896906517173,-4.297021732170184,-7.376466405972264,-4.26763018925133,1416.0,38779.0,0.0,0.0,0.0
2020-08-12,0.673,42.67,3380.35,1976.5,0.015501957570183578,0.0361281414644381,0.021902591931141302,1.5591524364116711,3.692915608241604,2.203631373376957,260.0,11141.0,0.0,0.0,0.0
2020-08-13,0.717,42.24,3373.43,1998.3,0.019647586098269443,0.0101932823245372,0.09282585830076506,1.984275196170993,1.1379614793499353,9.72706380561366,-142.0,16004.0,3.14,0.11,2.4
2020-08-14,0.709,42.01,3372.85,1976.8,-0.001437967242408078,-0.005056572960226546,0.03216411185369772,-0.1436933862893681,-0.5161749175628776,3.25411764705882,-180.0,13988.0,0.0,0.0,0.0
2020-08-17,0.692,42.89,3381.99,2021.6,0.043627258902779076,0.05777685049035863,-0.016844583817707814,3.23370395105564,2.752389956928253,-0.5095570773097184,-2130.0,-96805.0,0.66,0.11,3.04
2020-08-18,0.67,42.89,3389.78,2036.2,-0.02921426550190631,-0.05298974812982582,-0.021527869015498524,-2.876955261630786,-4.961835971517856,-2.129779837775202,2549.0,49546.0,0.0,0.0,0.0
2020-08-19,0.685,42.93,3374.85,1992.5,-0.016123428959202712,-0.054554249000046795,-0.03547787431709626,-1.6341509525506352,-5.535360922309206,-3.4855911534181114,4.0,20285.0,0.0,0.0,0.0
2020-08-20,0.652,42.58,3385.51,1969.5,0.008922670214269957,0.04035328945628702,0.020231166884572716,0.8962595895694009,4.255537442573602,2.041216879293424,-641.0,-3224.0,0.0,0.0,0.0
2020-08-21,0.636,42.34,3397.16,1969.6,-0.028645837249671402,-0.05408605301561753,-0.06935873677531212,-2.8239435076439734,-5.305323904561004,-6.700807847663013,-669.0,-12020.0,0.0,0.0,0.0
2020-08-24,0.654,42.62,3431.28,1962.3,0.0192961641130438,0.05780776929897069,0.04954456873163782,0.8913297070131283,0.2347674164664811,4.345155842161836,-1067.0,-37633.0,0.49,0.11,3.79
2020-08-25,0.688,43.35,3443.62,1945.2,-0.03717523916947307,-0.08201371031942895,-0.0617825290325813,-3.644435671464769,-7.799740517438765,-5.991269374141655,1964.0,21070.0,3.27,0.23,2.33
2020-08-26,0.688,43.39,3478.73,1974.4,0.012142403572438454,0.016396117079070294,0.007200166270986408,1.2216421837858489,1.7505858958880751,0.7410113239054511,-72.0,37686.0,3.53,0.14,2.48
2020-08-27,0.754,43.04,3484.55,1953.1,-0.011688640197833777,-0.030184019460305578,-0.007408885518267461,-1.162059342578522,-2.992486799562692,-0.7432922407541709,-349.0,2532.0,3.01,0.11,2.58
2020-08-28,0.724,42.97,3508.01,1993.2,0.017926520924625322,0.01778854498678495,0.03138741322858429,1.8043238816086808,1.9279711884754007,3.1831346048477696,-384.0,-1481.0,0.0,0.0,0.0
2020-08-31,0.706,42.61,3500.31,1999.1,0.010349380862002988,0.014045946743671323,0.09271611477324271,-0.5206555138272448,-2.4194827859749384,1.1587242376200622,-1505.0,-23270.0,0.8999999999999999,0.18,2.41
2020-09-01,0.672,42.76,3526.65,1998.8,0.02283635334240408,0.03513336765331143,0.09172303885637234,2.309909909909904,3.498856924023164,9.608647552318612,2329.0,5957.0,0.0,0.0,0.0
2020-09-02,0.648,41.51,3580.84,1964.5,-0.04535484028117409,-0.06726763215825127,-0.07769390418538791,-4.4341684403675865,-6.41631407054915,-7.475240238030155,-394.0,17085.0,4.07,0.25,2.16
2020-09-03,0.636,41.37,3455.06,1956.0,-0.11352681857214186,-0.20394873926091428,-0.13912467444945964,-10.732052768244277,-18.31341221694997,-12.982113229846131,-197.0,-1529.0,3.48,0.12,2.39
2020-09-04,0.721,39.77,3426.96,1952.8,0.03169005208009423,0.07576206557149234,0.015781004592537506,3.2237102750358098,7.46758479232292,1.7820227659296095,-163.0,32724.0,2.88,0.28,2.59
2020-09-08,0.682,36.76,3331.84,1961.8,-0.036304260238130937,0.017353193787402965,-0.14197026127038725,-2.402987951807224,-2.115437579509239,-4.588504707246038,-792.0,-73799.0,0.0,0.0,0.0
2020-09-09,0.698,38.05,3398.96,1972.9,0.009716910399358625,0.013732385268414582,0.03956483387696075,0.9692477393271616,1.3636972538513068,4.035794713760817,1061.0,44784.0,0.0,0.0,0.0
2020-09-10,0.682,37.3,3339.19,1983.2,0.011539530192209213,0.017904514230321134,0.04717488518266233,1.1606367413365473,1.797158903204492,4.827546922616841,-154.0,14520.0,0.0,0.0,0.0
2020-09-11,0.669,37.33,3340.97,1967.4,0.004935962232080371,0.0006228993570127628,0.015822645764382415,0.485004214906074,0.019463331084238,1.627982823286408,5.0,21899.0,0.0,0.0,0.0
2020-09-14,0.676,37.26,3383.54,1983.9,0.027099990230730953,-0.025157154914248636,0.008919003227575217,3.320092562853356,-0.3499840916321929,2.918871733318781,-1512.0,-59208.0,0.0,0.0,0.0
2020-09-15,0.68,38.28,3401.2,1986.4,0.009672219535501014,-0.030280380098188786,-0.03528445005549852,0.986476451082138,-2.98007077668094,-3.4643623929811524,2096.0,22880.0,3.39,0.16,2.25
2020-09-16,0.698,40.16,3385.49,1990.7,0.01617632553648818,0.00031533847733467013,0.002824124822338625,1.634462727758324,0.0562352553903506,0.3241313006455176,-711.0,19079.0,3.16,0.15,2.29
2020-09-17,0.689,40.97,3357.01,1969.3,-0.001460972664833804,0.0038309505184654924,0.06420819525011101,-0.1227519060769851,0.3852059000932252,6.634357373637797,-295.0,10367.0,0.0,0.0,0.0
2020-09-18,0.697,41.11,3319.47,1981.9,-0.0005566440268154338,-0.01595364843776359,-0.012427655459169351,-0.05911920606652,-1.5827063048792227,-1.2528239884986638,282.0,11197.0,0.0,0.0,0.0
2020-09-21,0.669,39.31,3281.06,1930.0,-0.04877727284752709,-0.07605455604465039,-0.12303873720917125,-4.61608616108138,-5.278384434296727,-8.333557933320746,-1565.0,-51436.0,0.31,0.28,2.48
2020-09-22,0.671,39.6,3315.57,1927.5,0.010913825422997903,0.02011317162887849,0.012128091145743092,1.0972627949193687,2.221455570888574,1.1458455752732333,1886.0,10245.0,0.0,0.0,0.0
2020-09-23,0.677,39.93,3236.92,1887.0,-0.028512643367736956,-0.051780735451403714,-0.07110937549800944,-2.8109993894292336,-5.088076973848264,-6.861292665214235,-592.0,-8849.0,0.0,0.0,0.0
2020-09-24,0.668,40.31,3246.59,1894.9,0.04815303071775645,0.04601202638659618,0.08518517755128308,4.909444869356609,4.611702948896108,8.885077186963983,969.0,77628.0,0.0,0.0,0.0
2020-09-25,0.656,40.25,3298.46,1884.8,-0.004617717325189119,0.012087752983338973,0.008470638883508741,-0.4606145251396587,1.2325450949133647,0.8506616257088926,-666.0,-22375.0,3.66,0.19,2.11
2020-09-28,0.658,40.6,3351.6,1901.0,0.0004694642582645514,-0.018261114706181303,0.005099016741718643,-0.7741905557101839,-2.2684063103203087,-1.0125024473470612,-1914.0,-77103.0,0.0,0.0,0.0
2020-09-29,0.651,39.29,3335.47,1922.1,0.013482569805425726,0.017502599608913982,0.016783571563124156,1.3635471112399362,1.9958921235934897,1.7586518887129523,2097.0,28717.0,0.0,0.0,0.0
2020-09-30,0.686,40.22,3363.0,1914.6,-0.005652094845709499,0.008254301149221988,-2.7785881995257e-05,-0.5567353445301594,0.7817855632210544,-0.0111132720251216,402.0,43182.0,0.0,0.0,0.0
2020-10-01,0.679,38.72,3380.8,1935.4,-0.015142415004543608,-0.01644488313251724,-0.01961369852176542,-1.5028345128728908,-1.632464036585719,-1.9749451404127705,2350.0,-7327.0,0.0,0.0,0.0
2020-10-02,0.704,37.05,3348.44,1926.6,-0.004200895717007214,-0.03132260487789651,-0.020613383753645742,-0.4072020986497201,-3.013795438818644,-2.0235800929599783,-3827.0,-20557.0,2.64,0.19,2.55
2020-10-05,0.778,39.22,3408.63,1939.0,0.020768132616549195,0.017978113724107736,0.02296256332911284,1.1714140848977628,0.6996681831148871,0.3717155666534255,1973.0,1274.0,0.0,0.0,0.0
2020-10-06,0.734,40.67,3360.95,1928.3,-0.017978150933551262,-0.02712814553775722,-0.03729680246959877,-1.7996715745250704,-2.69085704915099,-3.685489797071964,-1139.0,26663.0,3.02,0.27,3.68
2020-10-07,0.784,39.95,3419.45,1911.6,0.006375200045095397,0.009271468408716288,0.0026375187461180616,0.6534165943477966,1.2307739586054331,0.2582159624413132,42.0,25141.0,3.03,0.19,3.22
2020-10-08,0.779,41.19,3446.83,1916.8,0.024313857298441377,0.009472013774548316,0.027623594114744243,2.4611849337470684,1.1082395865004548,2.7948492829967844,452.0,10396.0,2.64,0.1,2.97
2020-10-09,0.779,40.6,3477.13,1947.8,0.011276071994616998,0.01103513097121489,0.03938494822878802,1.1400016830643405,1.2908570567856594,4.04077797078338,-144.0,-384.0,0.0,0.0,0.0
2020-10-12,0.764,39.43,3534.22,1950.7,0.04235572708946833,0.06424385491929208,0.05686946374570301,1.4194641995215311,-0.0724627583227554,3.3042177524908523,-2142.0,-69664.0,0.0,0.0,0.0
2020-10-13,0.729,40.2,3511.93,1916.7,-0.009340034315064472,-0.006393373810533731,-0.013982600127143918,-0.929655167630938,-0.583228687037821,-1.396178607441109,1283.0,26658.0,0.0,0.0,0.0
2020-10-14,0.727,41.04,3488.67,1929.8,-4.550243438750101e-05,-0.016214506541069262,-0.006312986218675043,-0.0045501399167903,-1.54343093883857,-0.6293101187822789,850.0,63528.0,3.47,0.45,2.52
2020-10-15,0.739,40.96,3483.34,1930.8,0.007118646936094208,-0.01152018708700897,-0.0027215934147344356,0.7144044733410871,-0.9532656852936996,-0.2823144508060455,-115.0,25601.0,4.19,0.2,1.97
2020-10-16,0.749,40.88,3483.81,1928.3,-0.015797483218074504,-0.0475161394964676,-0.03327767354152744,-1.5670791732953475,-4.640491753603731,-3.260207997036173,237.0,4433.0,0.0,0.0,0.0
2020-10-19,0.772,40.83,3426.92,1933.0,0.03738081061509568,0.12479457683227668,0.03702784299673034,2.138663563252332,11.043381535038929,0.2113271344040604,-1416.0,-25588.0,0.0,0.0,0.0
2020-10-20,0.786,41.46,3443.12,1936.3,0.013796711708936371,-0.05465135923250841,-0.02820401603479894,1.3892325548767197,-5.501493014823517,-2.8245461491845103,1741.0,2733.0,3.05,0.2,3.1
2020-10-21,0.821,40.03,3435.56,1950.3,0.07153105694097128,0.05336833111055039,0.0597805345652489,7.421997857934243,5.703986429177284,6.160353569588669,207.0,55797.0,0.0,0.0,0.0
2020-10-22,0.861,40.64,3453.49,1925.7,0.013880421433894341,-1.3373543120032139e-05,0.05749322640479004,1.3976410074633,-0.3199402778148011,5.963818479149625,-942.0,27687.0,3.97,0.13,2.6
2020-10-23,0.841,39.85,3465.39,1926.4,-0.003852017426140719,-0.03365993316247007,-0.012569625103007631,-0.3935110330915798,-3.2128944162572344,-1.2348060968551045,1150.0,25227.0,3.9,0.24,2.68
2020-10-26,0.803,38.56,3400.97,1927.1,0.010128565224446717,-0.041874891438824946,-0.04087083337645936,0.1822151288384413,-1.962614179463238,-3.248670998227995,-1476.0,-12564.0,0.0,0.0,0.0
2020-10-27,0.771,39.57,3390.68,1932.9,0.04703603236723097,0.018533735238685622,0.02866042948098002,4.815977607720374,1.992751007205665,2.920599384333584,1893.0,-14390.0,0.0,0.0,0.0
2020-10-28,0.774,37.39,3271.03,1900.0,-0.030924770106068422,-0.03754975648011527,-0.040147604084424415,-3.346226761808776,-3.5747696669028937,-3.9376112319557066,-271.0,41403.0,0.0,0.0,0.0
2020-10-29,0.831,36.17,3310.11,1888.2,0.013384117028806486,-0.015988249624327544,-0.00265385415281294,1.3473322159526462,-1.6583918446487924,-0.2547672353894727,-46.0,38573.0,0.0,0.0,0.0
2020-10-30,0.874,35.79,3269.96,1899.9,0.008250418310645102,0.04104363122157206,-0.012539593414850003,0.8284546805349199,4.286333667229812,-1.2180959508632552,463.0,21445.0,3.87,0.11,3.44
2020-11-02,0.852,36.81,3310.24,1912.5,-0.0006110250780402282,-0.07181902408102125,0.0014619503974433457,-1.5138290842815438,-5.651876934703303,-3.4214305510065355,-1443.0,-10845.0,0.4499999999999999,0.24,4.26
2020-11-03,0.896,37.66,3369.16,1930.1,0.034249491096453255,-0.010000547764046352,0.012933504979086408,3.48427585779778,-1.0453712684556558,1.3017504500039154,3253.0,-5316.0,0.0,0.0,0.0
2020-11-04,0.771,39.15,3443.44,1916.1,0.008914394032133899,0.007795407198782911,0.03755337037398654,0.9058488636808916,0.9349143774249252,3.824067159374765,713.0,-44591.0,2.49,0.32,4.26
2020-11-05,0.766,38.79,3510.45,1967.3,0.09727145529116932,0.04737993992196543,0.03411070023102436,10.181873885524766,4.8504121769736575,3.4673479004935683,-2046.0,85941.0,0.0,0.0,0.0
2020-11-06,0.82,37.14,3509.44,1973.0,-0.0005293487467934455,0.033701296054602814,0.09042342055438635,-0.0519603333149588,3.464121597737722,9.432289295214348,1634.0,47630.0,3.35,0.13,2.45
2020-11-09,0.924,40.29,3550.5,1874.5,-0.016657248580278505,-0.032009559414873046,-0.026270008439643888,-0.9083575482355,0.0014698533086259,-2.155693891467414,-2520.0,-145855.0,0.0,0.0,0.0
2020-11-10,0.96,41.36,3545.53,1896.9,-0.0017757613951925322,0.012822560824384155,0.013576182616572119,-0.1764425991226736,1.3456278125827112,1.360039564787342,2818.0,61227.0,6.66,0.14,2.58
2020-11-11,0.977,41.45,3572.66,1881.1,0.025194735030254378,0.007704632682099977,0.028208456256692216,2.548601217332041,0.8803021499128334,2.8610082281709586,478.0,91353.0,0.0,0.0,0.0
2020-11-12,0.883,41.12,3537.01,1893.5,0.037798644006402426,0.1163772795108633,-0.0017480069623490024,3.8522099174890174,12.476392312904569,-0.1660377358490526,-747.0,-5237.0,0.0,0.0,0.0
2020-11-13,0.898,40.13,3585.15,1906.3,0.0017610831013836759,0.0013449556590972023,0.030126092264592508,0.1762634718937931,0.1679680988832047,3.0740316692229506,-129.0,6638.0,3.3999999999999995,0.16,2.73
2020-11-16,0.911,41.34,3626.91,1906.0,0.023413496723515337,0.03408884799415013,-0.03473733843387894,4.737883531621788,7.621127191872932,2.7307177886758804,-1745.0,-122540.0,0.98,0.22,3.15
2020-11-17,0.862,41.43,3609.53,1902.6,0.05539519945103777,0.029655727576623825,0.046281297765726315,5.696772006559648,3.115866646851923,4.732354026081107,3195.0,81208.0,4.23,0.12,2.93
2020-11-18,0.87,41.82,3567.79,1889.5,0.005840026276116461,-0.03905258739481887,-0.007736821588302689,0.5828666064097752,-3.808036518709834,-0.785085447954432,359.0,15696.0,3.61,0.25,2.57
2020-11-19,0.842,41.74,3581.87,1877.4,0.002172198798813696,0.027443863528304746,-0.014807606922277117,0.1765018678844253,2.4867382262844617,-1.4780793319415415,-334.0,27018.0,4.21,0.14,2.46
2020-11-20,0.824,42.15,3557.54,1888.2,0.04678903527593192,0.012341065170277332,0.07844402803790196,4.788092416529767,1.1606308198472763,8.160281403627732,685.0,18283.0,3.12,0.11,3.31
2020-11-23,0.859,43.06,3577.59,1854.3,-0.015673793694983118,0.12429444361764208,0.17699159826119892,-0.2839913696129266,3.888968410389664,8.645101465815475,-3322.0,-150200.0,0.0,0.0,0.0
2020-11-24,0.885,44.91,3635.41,1820.6,0.041969370117696414,0.19314740185258739,-0.006273122793545305,4.286253550483499,21.290732792878725,-0.6253487837704668,4251.0,70597.0,0.0,0.0,0.0
2020-11-25,0.882,45.71,3629.65,1820.2,-0.02379913020706681,-0.11325879189442922,-0.06246068573790087,-2.352122005539074,-10.708045012930732,-6.0550004129160255,-583.0,45877.0,0.0,0.0,0.0
2020-11-27,0.842,45.53,3638.35,1797.5,-0.08746709623386373,-0.10258116788352645,-0.09147254863221654,-0.0934188080482334,0.0976710871877275,-0.2459882771211632,-737.0,43802.0,1.7400000000000002,2.15,2.89
2020-11-30,0.842,45.34,3621.63,1790.2,0.13909753192432817,0.20050312704702478,0.17283027507513005,8.306330835808323,4.012328590148201,6.950944704454849,-2542.0,-178970.0,1.8,0.29,3.92
2020-12-01,0.929,44.55,3662.45,1827.8,-0.04837539147518477,-0.08344795836291574,-0.05149804109952161,-4.722394407206259,-7.847493778883752,-5.019448946515402,3869.0,116107.0,5.2,0.45,2.79
2020-12-02,0.938,45.28,3669.01,1838.4,0.023293676444676947,0.014932793992304738,0.019132223457366315,2.382818782224905,1.4135263000684108,1.9594790653216607,-53.0,35021.0,3.52,0.26,2.66
2020-12-03,0.911,45.64,3666.72,1849.0,0.011532860054821015,0.02013790711826946,0.03179839574876464,1.1766970391391247,1.7605867359025178,3.286267021757701,-109.0,41634.0,4.22,0.12,2.97
2020-12-04,0.973,46.26,3699.12,1849.0,-0.04149677658489459,-0.08540511807217133,-0.0828846567261099,-4.053854614960184,-8.334495421373127,-7.925899490640109,-114.0,-8799.0,0.0,0.0,0.0
2020-12-07,0.928,45.76,3691.96,1875.3,0.027468298968116756,0.028967832245620606,0.041194018334070215,-1.0213361134622898,-0.5672188641907516,-1.744272970413808,-3797.0,-172390.0,0.0,0.0,0.0
2020-12-08,0.921,45.6,3702.25,1884.2,-0.04596166104487587,-0.06707841131872438,-0.06402129985506289,-4.48900458255376,-6.548580205584654,-6.2110121211096665,3664.0,136919.0,2.2,0.52,2.88
2020-12-09,0.938,45.52,3672.82,1847.7,0.012496781849909766,0.009208052307903003,0.032959009410909346,1.2575192916442262,0.95696805539454,3.348954578226396,334.0,19654.0,3.2299999999999995,0.11,3.56
2020-12-10,0.906,46.78,3668.1,1846.9,-0.015930232512230802,-0.031948413762830086,-0.024594514922074318,-1.5804017458772688,-3.1746694357186853,-2.40902906185674,4.0,831573.0,3.5,0.17,2.91
2020-12-11,0.896,46.57,3663.46,1853.1,-0.011642868282544683,0.0034323806945941726,-0.027582206632389195,-1.1777832063878366,0.1581478413357635,-2.699658520015022,411.0,-794991.0,3.2,0.12,1.87
2020-12-14,0.898,46.99,3647.49,1841.9,0.06596177683192828,0.039200882736395215,0.07461314559969079,0.5515830883331073,-0.3519894609003653,-0.6876111440426893,-3992.0,-176819.0,0.41,0.3,2.77
2020-12-15,0.911,47.62,3694.62,1864.9,0.008896932589326667,0.0020532510992392616,0.004576900636929615,0.893662792899885,0.1641544497212533,0.457025920873135,4685.0,120754.0,0.0,0.0,0.0
2020-12-16,0.92,47.82,3701.17,1867.9,0.09393423163466075,0.08475153566137372,0.07974493703308916,9.856715898985728,8.84465929354043,8.301079649623137,92.0,79447.0,0.0,0.0,0.0
2020-12-17,0.935,48.36,3722.48,1899.5,0.06641763737189166,0.024794233443057756,0.008413051534280847,6.863041595468268,2.5181831956966496,0.8559201141226876,-468.0,9559.0,2.33,0.59,2.74
2020-12-18,0.945,49.1,3709.41,1898.2,0.01354464944373035,-0.00046199620136810893,0.01739603046973137,1.3641678462234663,-0.2056740205120759,1.7722227404160025,-483.0,-19918.0,1.85,0.74,2.74
2020-12-21,0.938,47.74,3694.92,1892.2,-0.017806674321906968,-0.0397631842722328,-0.07382600997708,-3.1823725076682905,-4.694560285963063,-4.719597611996428,-3394.0,-181289.0,0.36,0.56,4.81
2020-12-22,0.921,47.02,3687.26,1880.0,0.04700359341847893,0.017427059532354683,0.04619703415417575,4.812577542741995,1.829467808680599,4.728074070419524,4663.0,121332.0,3.62,0.45,4.22
2020-12-23,0.945,48.12,3690.01,1887.6,-0.025289318684514228,-0.14753655542046662,-0.08468717732847963,-2.500741894877179,-13.873192268143358,-8.107046942974259,-364.0,34629.0,2.38,0.15,4.2
2020-12-24,0.926,48.23,3703.06,1893.1,0.020859051640705673,0.0768721940607513,0.04537349794951062,2.1173520570321887,8.265524625267666,4.595384116029174,-1985.0,-14105.0,2.37,0.5800000000000001,3.86
2020-12-28,0.923,47.62,3735.36,1890.8,0.1310979976372657,0.08146481037943065,0.17546012907838549,2.990650218852221,-0.2964261078692854,6.664132961073517,-2259.0,-194025.0,0.15,1.2200000000000002,3.38
2020-12-29,0.94,48.0,3727.04,1893.4,0.011983591773152114,-0.02921854599914031,0.002819100576534339,1.209198876158076,-2.8705002337540977,0.2891797437127408,5574.0,184271.0,3.05,0.86,2.5
2020-12-30,0.926,48.4,3732.04,1904.0,0.05443816130812351,-0.020668423630035626,0.02842669619119853,5.594717600264557,-2.08992850751009,2.8792413123983724,462.0,68283.0,2.52,1.07,3.48
2020-12-31,0.916,48.52,3756.07,1905.8,0.0032013847251413097,-0.019810685900710112,-0.02038271741375297,0.3206514630025915,-2.0818610129564146,-2.0189408530025164,-2299.0,36786.0,2.78,0.61,3.12
2021-01-04,0.918,47.62,3700.65,1957.6,0.09940669276168812,-0.11412090753166204,0.34576526900830906,-3.2126927434283,-0.9923018733591376,6.317571702500923,-3304.0,-227177.0,0.28,2.48,1.81
2021-01-05,0.955,49.93,3726.86,1965.2,0.06090090000731152,0.004607347383813298,0.057188792574836,6.278595212650001,0.4617977528089902,5.899792754068161,5403.0,193497.0,3.52,0.89,2.47
2021-01-06,1.039,50.63,3748.14,1919.4,0.0798455808060261,0.05518679087950851,0.09359303643457473,8.269761023337209,5.641897180169494,9.813266165931262,-301.0,47530.0,2.44,0.27,2.25
2021-01-07,1.081,50.83,3803.79,1924.0,0.06933454541801076,0.047658569256437744,0.012560836797413266,7.179471318740515,4.863492063492068,1.2088927004650736,49.0,101415.0,2.58,0.69,2.06
2021-01-08,1.119,52.24,3824.68,1845.4,0.028930038792641,-0.027946012100884765,-0.008172860859511744,2.922257473004042,-2.8696125468693388,-0.8309233839762166,117.0,-75759.0,4.0600000000000005,1.03,2.45
2021-01-11,1.144,52.25,3799.61,1860.9,-0.13717514932956298,0.26346922593618594,-0.11160937720931496,-7.1165286703386,-14.568801089918264,-13.250736993068276,-5228.0,-200393.0,0.38,0.6699999999999999,2.5
2021-01-12,1.129,53.21,3801.19,1854.1,-0.04068997244927175,0.023927432468692444,-0.03647684372295856,-3.9989688886983497,2.5950271962683966,-3.560700013779798,7088.0,84476.0,2.6,0.21,2.31
2021-01-13,1.092,52.91,3809.84,1864.6,0.09399483282512122,0.03612432924717002,0.07433520267053328,9.866542404363924,3.815062246162725,7.648077984882805,-240.0,50103.0,3.37,0.41,2.66
2021-01-14,1.129,53.57,3795.54,1861.0,0.045264055794689284,-0.0032867922471586652,0.0851614178426825,4.630382628931584,-0.3423577638632287,8.89024487305335,-1418.0,8935.0,1.99,0.8799999999999999,2.0
2021-01-15,1.087,52.36,3768.25,1839.0,-0.06249993471322135,-0.06535751171471293,-0.052708267500467976,-6.0536691285572175,-6.335216572504706,-5.155124676231539,-410.0,13385.0,2.49,0.45,2.01
2021-01-19,1.092,52.98,3798.91,1849.0,-0.023046775679384623,0.0023697169438632315,0.1580005613594535,-1.93027948983502,-3.827308152320687,8.69969409240793,1580.0,-173833.0,1.4,0.14,2.66
2021-01-20,1.077,53.24,3851.85,1874.8,-0.01159878178913587,-0.025475203004451608,0.00644101144062148,-1.1659179592622078,-2.484830973707024,0.6711998245229264,1364.0,98070.0,2.43,0.24,2.06
2021-01-21,1.109,53.13,3853.07,1874.0,-0.140290134472707,-0.19854127704089652,-0.2149016520325553,-13.079015235704812,-17.962844014032317,-19.35373779181645,-899.0,-40243.0,0.0,0.0,0.0
2021-01-22,1.086,52.27,3841.47,1864.8,0.06672119002160848,0.05048992824036702,0.10501830587989502,6.8999121723884205,5.322410413630198,11.07409441658188,-961.0,3184.0,3.24,0.17,1.88
2021-01-25,1.033,52.77,3855.36,1863.9,-0.02216475295675835,-0.000859311648810035,0.06615595023409249,-0.0969554562294617,-1.5544041450777255,-5.45680181343433,-5165.0,-169461.0,0.4,0.16,3.41
2021-01-26,1.033,52.61,3849.62,1859.8,0.007686919466946662,0.0029567478262597646,0.037242525149426164,0.7758709407039913,0.3862480400780109,3.7936842744199457,6519.0,65188.0,2.89,0.11,2.26
2021-01-27,1.013,52.85,3750.77,1853.8,-0.06689583662024745,-0.08368186104954223,-0.09744992557835097,-6.470738049670844,-8.02761904761905,-9.284560333925452,-173.0,45830.0,3.88,0.11,2.85
2021-01-28,1.052,52.34,3787.38,1845.8,0.09653960770937076,0.06515898594965819,0.07168929304114613,10.1100443182457,6.554123205110964,7.461591784752799,-332.0,12268.0,0.0,0.0,0.0
2021-01-29,1.071,52.2,3714.24,1854.7,0.022823350761932204,0.014667834924199319,0.03441472515994892,2.3118485710668275,1.4746400714036343,3.468780228102668,-1533.0,-22676.0,4.199999999999999,0.13,2.63
2021-02-01,1.079,53.55,3773.86,1867.4,-0.02150438422256329,-0.009210901059642396,-0.003826512127822923,1.1933218157539431,1.1497281839565068,4.615852962441482,-5111.0,-147900.0,0.0,0.0,0.0
2021-02-02,1.095,54.76,3826.31,1837.6,0.057353839581146815,0.06017669144309856,0.09637438589802727,5.899257448845794,6.201393311333673,10.121130551816966,5034.0,16191.0,2.54,0.12,2.69
2021-02-03,1.139,55.69,3830.17,1839.6,0.05919665553344622,0.06094042808287092,0.09751969987333986,6.09740095176415,6.128318182642929,10.230207748455932,723.0,67100.0,4.77,0.11,2.09
2021-02-04,1.136,56.23,3871.74,1795.9,-0.01884418115224662,-0.05061819897264108,-0.043585659792444,-1.892942182240588,-4.9569683865068,-4.264371880075033,-3119.0,-57794.0,3.82,0.15,1.9
2021-02-05,1.169,56.85,3886.83,1817.8,0.03550784259873474,0.07901914381749897,0.07446917438887724,3.610121971766465,8.326732673267331,7.745376688745042,4190.0,66335.0,2.85,0.26,2.05
2021-02-08,1.176,57.97,3915.59,1838.9,0.19258570902958816,0.048975715277524756,0.018376816787725403,19.49161633621402,6.536746546187104,8.509387128522883,-8483.0,-221992.0,0.4,0.27,3.3
2021-02-09,1.16,58.36,3911.23,1842.4,0.001433476399322231,0.08475922785003398,0.01088194469951187,0.1314643453282253,8.666666666666673,1.094136841264593,7427.0,117056.0,3.18,2.93,2.34
2021-02-10,1.124,58.68,3909.88,1847.7,-0.03644544811970363,0.01531405822114884,-0.01663153647155191,-3.5789308032100866,1.5254803918718491,-1.635523248923479,-2104.0,8524.0,3.37,6.16,1.89
2021-02-11,1.165,58.24,3916.38,1832.0,0.0678338797884539,0.16756825972081923,0.025149686125957693,7.01875139353401,18.04317842365165,2.571577781476144,-336.0,5589.0,2.65,1.03,1.86
2021-02-12,1.21,59.47,3934.83,1828.1,-0.012359305702412726,0.029903352846334386,0.031761986277679455,-1.21945426056808,3.303166596864364,3.226600571802637,-576.0,-13384.0,2.48,0.44,1.94
2021-02-16,1.311,60.05,3932.59,1803.9,0.03625588091647458,0.38217306035668397,-0.034759783602418715,2.5514408271420392,-4.164825495387134,0.0775024008895989,-1651.0,-81220.0,1.88,0.16,1.67
2021-02-17,1.282,61.14,3931.33,1777.7,0.05945376520800494,0.06408560356496107,0.038546642333916026,6.162987116980522,6.491129710464128,3.920006284579208,467.0,47562.0,2.44,0.17,2.03
2021-02-18,1.297,60.52,3913.97,1779.9,-0.010952609658046342,0.05577838712634531,0.04623625262125142,-1.089284820915309,5.569197266651659,4.737836816242777,-43.0,10008.0,2.95,0.29,2.01
2021-02-19,1.34,59.24,3906.71,1782.2,0.0815028771487718,0.14284379209164833,0.009257709833057959,8.503682456004336,15.214819814219489,0.9300694974325112,-218.0,6316.0,0.0,0.0,0.0
2021-02-22,1.369,61.49,3876.5,1813.2,-0.03344545034827817,-0.17662234447543224,-0.09589982686604515,-5.822019316337212,-9.988741721854304,-8.11140328671726,-4359.0,-124460.0,0.3299999999999999,0.49,1.9
2021-02-23,1.343,61.67,3881.37,1810.5,-0.1018354338759444,-0.1610178423226163,-0.11980978649745389,-9.654716514363702,-14.882331736958642,-11.27462282028645,4400.0,102303.0,2.69,0.44,1.82
2021-02-24,1.372,63.22,3925.43,1802.8,0.016988417527853628,0.02579175423504232,0.029641928812194962,1.713354133610256,2.639336751013631,3.0079095472291257,803.0,56095.0,3.68,0.4599999999999999,1.3
2021-02-25,1.53,63.53,3829.34,1780.8,-0.055374525924616336,-0.08617251626019584,-0.09188162116230814,-5.386907867475457,-8.218139227226956,-8.777003205621225,-1874.0,2889.0,2.95,0.12,1.42
2021-02-26,1.407,61.5,3811.15,1734.0,-0.015683407809586214,-0.051407577161189266,-0.02557691168412468,-1.5674434120419352,-5.025243253166873,-2.4877703181404063,162.0,-4067.0,2.78,0.53,1.36
2021-03-01,1.426,60.64,3901.82,1728.2,0.06907719746128649,0.08371499784028824,0.08400030235359779,9.744617385932983,14.096784499064407,10.551413700942469,-3139.0,-142180.0,0.35,0.58,2.05
2021-03-02,1.398,59.75,3870.29,1738.8,-0.022981928633438287,-0.04041467008071198,-0.05457277870052302,-2.263912981285505,-3.860048762257308,-5.314052688835589,2683.0,8668.0,2.49,0.17,1.62
2021-03-03,1.484,61.28,3819.72,1721.0,0.03739426457281958,0.02900763430347908,0.05205022729408881,3.830384531169526,2.929908012363728,5.342865205530994,1498.0,130176.0,3.3200000000000003,0.44,2.04
2021-03-04,1.557,63.83,3768.47,1705.9,-0.04034802028714246,-0.051494899372135805,-0.0181305347667875,-3.9741848028393,-5.072066567223197,-1.830527926549352,-1536.0,12688.0,3.0,0.29,2.01
2021-03-05,1.577,66.09,3841.94,1703.8,0.008255313437429024,-0.027635651616819246,-0.007084901446641645,0.8238412419680647,-2.654775042746373,-0.6956668593661726,314.0,-6446.0,2.8,0.71,1.58
2021-03-08,1.603,65.05,3821.35,1682.9,0.07209269562532938,0.06047234519478106,0.18231937646077778,2.8229044836984816,1.6651145464704888,6.170896148615405,-3498.0,-149594.0,0.0,0.0,0.0
2021-03-09,1.528,64.01,3875.44,1721.9,0.04661446671877023,0.11201791896276525,0.02018646368571808,4.775917961077338,11.852265753098417,2.022475584234386,3505.0,115194.0,3.15,0.33,1.83
2021-03-10,1.521,64.44,3898.81,1726.5,0.017586154213878658,-0.04081499937105004,-0.041790907328328686,1.7644784994467602,-4.121426263766363,-4.089896523908489,-487.0,53925.0,3.43,0.47,1.66
2021-03-11,1.535,66.02,3939.34,1727.2,0.03385856804165854,0.0044303694851608455,0.01748604213873861,3.447512645668989,0.3699567815464853,1.7537801787753062,83.0,9777.0,3.73,0.61,2.2
2021-03-12,1.625,65.61,3943.34,1724.3,-0.010249619073205096,-0.046008144333873346,-0.03296699209099074,-1.0277385997787931,-4.423526411967189,-3.2159340388605724,-232.0,12607.0,3.02,0.19,2.42
2021-03-15,1.607,65.39,3968.94,1733.8,-0.028173598015563073,-0.015309953262861775,0.015313839514145222,-5.657803414494599,-4.309618550153588,-2.8936036698835856,-2587.0,-142812.0,0.2,0.8900000000000001,2.54
2021-03-16,1.621,64.8,3962.71,1735.2,0.022938507740889236,0.010290730643848889,0.00608704775815383,2.333365930193343,1.1051421187462998,0.6660795505217184,3234.0,118583.0,2.85,0.5,2.42
2021-03-17,1.646,64.6,3974.12,1731.1,0.0345029353937818,0.02468225805940527,0.01030644497931199,3.515689092840204,2.4394274357428323,1.0544387218253288,-49.0,84041.0,3.54,0.43,1.86
2021-03-18,1.706,60.0,3915.46,1736.5,-0.021971967665349368,-0.015248624449198722,-0.026848666696010604,-2.173234220679189,-1.5132952865931035,-2.633670421222832,141.0,-7699.0,2.5700000000000003,0.21,2.62
2021-03-19,1.73,61.42,3913.1,1745.8,0.0068239246632586514,-0.0013865541925364155,0.01839540072474133,0.6847260688056914,-0.0744182750021069,1.856563836973656,254.0,20465.0,2.53,0.18,2.4
2021-03-22,1.695,61.55,3940.59,1742.4,-0.07010626465501524,-0.08790360548913512,-0.07358349312489754,-5.694273814605048,-6.610916487738728,-5.7782311628767244,-3154.0,-148054.0,0.39,0.48,2.96
2021-03-23,1.622,57.76,3910.52,1729.5,0.004342244167615306,-0.0012738022292086981,-0.007721492720184742,0.4325329056730889,-0.213272204973451,-0.7916022362317219,3745.0,99551.0,4.470000000000001,0.6,2.13
2021-03-24,1.614,61.18,3889.14,1737.2,-0.0388221140744367,-0.07765626231863365,-0.053122142144019335,-3.786096437781112,-7.752518541782434,-5.189496334745885,-1144.0,119602.0,3.72,0.48,2.15
2021-03-25,1.633,58.56,3909.52,1729.1,-0.018362277666243543,-0.00863237509993553,0.0033387326801213035,-1.78852955308384,-0.8496550568095579,0.3230149749995196,1216.0,17924.0,3.93,0.25,2.46
2021-03-26,1.674,60.97,3974.54,1736.5,0.07047125179637526,0.07625479890837195,0.06879122300997498,7.310258071002845,7.940290620871855,7.125979042350076,1249.0,-10464.0,3.98,0.91,2.12
2021-03-29,1.717,61.56,3971.09,1716.5,0.045107158561217275,0.049881223706155886,0.06580051784972696,3.284725576098913,3.2574981606243782,7.635809641239653,-4479.0,-185303.0,0.47,0.3,2.24
2021-03-30,1.71,60.55,3958.55,1687.9,0.02015498817964989,0.008532593676847,0.013908217051704419,2.035451253311704,0.8569100011642815,1.4005386263376198,3720.0,112364.0,4.75,0.15,2.7
2021-03-31,1.744,59.16,3972.89,1717.5,0.0002302986255369177,0.028100969926996733,0.041929378276712725,0.023032514630071,2.7825589390282737,4.2894466684410375,701.0,114711.0,6.9,0.61,1.97
2021-04-01,1.673,61.45,4019.87,1730.3,-0.0012511224634668139,0.046479200257938835,0.02488568338190067,-0.1250509991409845,4.669752920277761,2.520325626695977,-378.0,28959.0,2.81,0.3,1.81
2021-04-05,1.707,58.65,4077.91,1730.7,0.006729625438140374,0.1597005410393928,0.06804477318644953,1.5567518134391842,1.0524683724209722,1.4771397334694758,-4789.0,-227900.0,0.15,0.6799999999999999,1.93
2021-04-06,1.658,59.33,4073.94,1745.0,-0.01883292389477731,0.007569783360644955,0.0028530960258787985,-1.8840069692480097,0.6209050183134142,0.2633514436878779,4946.0,119720.0,2.74,0.95,2.27
2021-04-07,1.679,59.77,4079.95,1743.6,-0.03622623417640014,-0.0842748460396443,-0.07300842761527182,-3.5606007203860184,-8.106795412697718,-7.064890823496021,3109.0,80635.0,1.84,0.55,1.99
2021-04-08,1.626,59.6,4097.17,1760.3,0.03731354393973341,0.05520338415009274,0.05788758276250139,3.7890079226026927,5.673884747367183,5.934778514676611,-1288.0,154935.0,1.76,0.91,2.17
2021-04-09,1.662,59.32,4128.8,1746.8,0.0001649224997120058,-0.01177047351504612,-0.007359002375962653,0.0164936100173746,-1.1845316733469309,-0.7331991216985506,-181.0,-90288.0,2.1,0.3299999999999999,2.42
2021-04-12,1.669,59.7,4127.99,1734.6,0.029631659392784115,0.05674708637972081,0.034255952904648446,-0.23979863849589,-2.6136272809727568,-0.5817143601141929,-4410.0,-136896.0,0.76,1.55,2.22
2021-04-13,1.62,60.18,4141.59,1749.5,0.06075690742461681,0.04844006278941393,0.07298949541164479,6.269277408848863,4.975981956132268,7.57242682481923,4047.0,167667.0,3.39,1.06,1.72
2021-04-14,1.634,63.15,4124.66,1738.2,-0.00974122593232174,0.036854645068317815,0.05606163920900986,-0.9693933876431802,3.812099256764799,5.762148860222335,159.0,34944.0,4.35,5.71,1.92
2021-04-15,1.574,63.46,4170.42,1768.8,0.004076682156206601,0.07001552942978062,0.03414365610279191,0.4085003128384419,7.239131147003899,3.489490822972188,-383.0,639.0,4.34,14.64,2.04
2021-04-16,1.59,63.13,4185.47,1782.2,-0.028909815927452343,0.1467167826604161,-0.036572050564164904,-2.8495925290025026,15.551599362267076,-3.591137173573629,-362.0,41063.0,3.41,6.99,1.76
2021-04-19,1.61,63.38,4163.26,1772.7,-0.09793064007639529,-0.2540222054779484,-0.11463240624206783,-1.025026810949707,-7.582705998836999,-3.4728572894315355,-2396.0,-165116.0,0.18,1.93,1.82
2021-04-20,1.566,62.44,4134.94,1780.4,0.014304838416794752,0.07683607374779289,0.07510834704776403,1.4407642230266948,7.785246291204126,7.806571181638768,3410.0,161193.0,2.24,3.07,1.89
2021-04-21,1.559,61.35,4173.42,1795.2,-0.04893861953166656,-0.07362378143125348,0.01049519101920815,-4.739590000791459,-7.173315793945777,1.0732447752746443,623.0,37332.0,4.68,1.83,1.69
2021-04-22,1.542,61.43,4134.98,1784.0,-0.039800916776581374,-0.06533282363627801,0.017985854384531486,-3.8925659747020407,-6.373952555375209,1.791970276620832,-1062.0,8142.0,3.2,0.97,1.38
2021-04-23,1.559,62.14,4180.17,1779.9,-0.009997667074808092,-0.050190649298577306,-0.012553518707638212,-0.9840416991804902,-4.864203430573951,-1.2154000691894356,1296.0,4525.0,2.98,0.89,1.54
2021-04-26,1.568,61.91,4187.62,1782.3,0.05448527854387741,0.05816780920448483,0.066888029928033,10.041733678060298,12.722085070217318,9.109854764190962,-3552.0,-222568.0,0.24,0.95,2.01
2021-04-27,1.625,62.94,4186.72,1781.0,0.018622056079307114,0.05180066049448051,0.05147757101451589,1.8905857407702065,5.316956527983235,5.282972703128282,3372.0,163677.0,1.56,1.3299999999999998,1.64
2021-04-28,1.611,63.86,4183.18,1776.1,-0.003193603508766074,-0.015314413845316288,0.030902273500490907,-0.3188328372036805,-1.5197744542891616,3.1384705344358403,1079.0,62928.0,3.0,0.73,1.87
2021-04-29,1.641,65.01,4211.47,1770.5,-0.02422873531665637,-0.006449137031565577,0.002660372387754961,-2.386253477649126,-0.7215396535502839,0.2674846269025617,-331.0,-11228.0,3.35,0.7,1.12
2021-04-30,1.626,63.58,4181.17,1769.8,0.07579163105862463,0.10949767880435779,0.006333834451853981,7.873777528928699,11.70718945128544,0.6353935597987526,-1668.0,-16552.0,4.0,0.73,1.62
2021-05-03,1.599,64.49,4192.66,1794.0,-0.010191069102903683,0.06868783679860258,0.21254971716156934,1.03755906600612,8.841551452225541,16.319299778809764,-2349.0,-201005.0,0.39,1.87,1.4
2021-05-04,1.591,65.69,4164.66,1778.2,-0.07193037008508796,0.053369417634841376,-0.05814643419590304,-6.940430914588422,5.532690652938007,-5.648822506763257,2356.0,128722.0,2.22,0.52,1.45
2021-05-05,1.571,65.63,4167.59,1786.5,0.077211724159298,0.0934911133640286,0.0857129561062937,8.027097450110258,9.89667621063114,8.962807251490139,827.0,34619.0,4.16,1.01,2.22
2021-05-06,1.57,64.71,4201.62,1817.9,-0.018867959395992173,0.11067937666869643,-0.010599980777064033,-1.86910736878928,11.678369195922988,-1.054119593423156,-242.0,27621.0,3.17,0.53,1.95
2021-05-07,1.579,64.9,4232.6,1833.5,0.016512786573027682,-0.09138328772696713,-0.0023074342551172577,1.657494877297863,-8.589433389910075,-0.2184787806421532,-205.0,-36989.0,4.34,0.45,1.49
2021-05-10,1.604,64.92,4188.43,1839.8,-0.026739302226186368,-0.08536962775462165,0.12519437141849998,-4.196996802131352,-8.74018955810677,0.5355856440646461,-3384.0,-214408.0,0.35,1.23,1.48
2021-05-11,1.622,65.28,4152.1,1838.1,0.015748561138209993,0.13878166367761136,0.05667749990850446,1.5873768803348365,14.957807723769756,5.831444884730796,3165.0,120377.0,2.47,0.97,1.32
2021-05-12,1.693,66.08,4063.04,1824.8,-0.1367640454543846,-0.17025662317097012,-0.08833725553474459,-12.78240042542103,-15.72933329591483,-8.455010682405982,-365.0,21187.0,1.7200000000000002,0.52,2.04
2021-05-13,1.659,63.82,4112.5,1826.1,0.003858098555806322,-0.0070403605998707874,-0.02839991547308962,0.3865753404731725,-0.1228192602930907,-2.80004286046566,-161.0,-34793.0,1.75,0.74,1.98
2021-05-14,1.635,65.37,4173.85,1840.0,0.0040844135610189625,0.03705133283540274,0.0927053229917103,0.4251012634685935,3.812346231268164,9.714133608659893,-685.0,-7792.0,2.02,1.78,2.17
2021-05-17,1.652,66.27,4163.29,1869.6,-0.13528053029441267,-0.2314790766698982,-0.21736687501028484,-6.179185796234205,-11.15470801301674,-8.409697639192247,-1871.0,-179165.0,0.33,0.65,2.75
2021-05-18,1.64,65.49,4127.83,1870.1,-0.01673731033593917,0.034684940790803864,0.027824622728349624,-1.6403695134638363,3.299666036674985,2.8215343006469022,3050.0,84163.0,3.68,1.7199999999999998,1.76
2021-05-19,1.676,63.36,4115.68,1883.4,-0.154230988594092,-0.46798588816836606,-0.32308051256824033,-14.308393434744628,-37.46009397357607,-27.630308737392586,-634.0,49374.0,3.08,1.38,2.39
2021-05-20,1.628,62.05,4159.12,1883.9,0.10070102843920026,0.17528112420290576,0.12707675635142568,10.583485593203728,19.15811518324608,13.550417159388042,-515.0,-392617.0,2.68,4.630000000000001,1.91
2021-05-21,1.623,63.58,4155.86,1878.9,-0.08425677289406686,-0.18724772720500482,-0.13078671209034187,-8.080276216274234,-17.02804888771652,-12.259194395796843,-32.0,346827.0,1.52,3.3200000000000003,1.58
2021-05-24,1.603,66.05,4197.05,1886.7,0.040357182650730294,0.06409201181937352,0.08513819506875997,11.852165547336394,33.7792197431056,26.245315632336045,-3982.0,-174141.0,0.38,1.02,3.13
2021-05-25,1.56,66.07,4188.13,1900.5,-0.013380508399974289,-0.029570182884774532,0.02102040522839488,-1.3189098363375742,-3.0611434752835915,2.111579177619289,4174.0,80365.0,2.58,0.84,1.88
2021-05-26,1.581,66.21,4195.99,1903.8,0.02398980593557809,0.09248758403785828,0.06515327695765105,2.427987626235586,9.515608070813828,6.724771489243842,-482.0,36825.0,4.0600000000000005,0.68,1.8
2021-05-27,1.606,66.85,4200.88,1898.5,-0.01891768579926456,-0.04256631005321143,-0.05123428721597634,-1.873986943806874,-4.197262472358815,-4.9809131904908455,268.0,-15351.0,2.31,0.43,1.52
2021-05-28,1.581,66.32,4204.11,1905.3,-0.0775310733348622,-0.1150342932586117,-0.12876043801557469,-7.46017312604131,-10.635368556726194,-12.07321737546672,-1069.0,-53729.0,2.5,0.79,1.7
2021-06-01,1.606,67.72,4202.04,1905.0,0.02776447189516773,0.046200365771710494,0.08745663187433905,-1.5860777766421206,-2.897420181645957,-2.712464040001913,3405.0,-37565.0,1.46,0.13,1.71
2021-06-02,1.589,68.83,4208.12,1909.9,0.024048425584142663,0.05383574369682442,0.027044969327470803,2.4340200174512945,5.288906931476338,2.739840422705216,-3436.0,23197.0,3.11,0.21,1.48
2021-06-03,1.625,68.81,4192.85,1873.3,0.04349812312076118,0.037646220554204746,0.053952098135065185,4.434909103681223,3.9000672681228337,5.53443645243399,-2049.0,3200.0,3.41,1.5499999999999998,1.46
2021-06-04,1.557,69.62,4229.89,1892.0,-0.06288196437215632,-0.09391061409766177,-0.05986616160295277,-6.094545172890518,-8.957952468007313,-5.812589919243337,1102.0,-69696.0,2.46,0.4,1.46
2021-06-07,1.569,69.23,4226.52,1898.8,-0.0932236909570694,-0.10174609022753778,-0.0371828605595681,-6.213799368053165,-6.930682399849133,-4.3711291530337855,-2913.0,-99146.0,0.18,0.78,1.65
2021-06-08,1.538,70.05,4227.26,1894.4,-0.00518917513726791,-0.0387479536528792,-0.03268298062129915,-0.4919376797510569,-3.7850889382990585,-3.215466331336512,2322.0,46637.0,2.98,0.18,1.39
2021-06-09,1.492,69.96,4219.55,1895.5,0.11315423724663098,0.06315642582400294,0.03990858443493295,11.98046352133832,6.393210069486184,4.071978000079713,128.0,52714.0,3.45,0.27,1.61
2021-06-10,1.437,70.29,4239.18,1896.4,-0.019159291074807072,-0.03874670122090418,-0.05497502479200023,-1.900026066208161,-3.821213524779999,-5.353833192923334,5497.0,29770.0,3.51,0.21,1.96
2021-06-11,1.454,70.91,4247.44,1879.6,0.0174087424107654,-0.027882138704748982,-0.048206297656235186,1.753730967046925,-2.7337073041792688,-4.706282190816444,-4184.0,-28713.0,2.54,0.61,1.38
2021-06-14,1.497,70.88,4255.15,1865.9,0.08225270844379118,0.07148145370715309,0.09224194152465781,3.906755411475114,3.033761238298264,2.8937702671479126,-3947.0,-113618.0,0.2,0.21,3.23
2021-06-15,1.489,72.12,4246.59,1856.4,-0.009345579844305618,-0.03514874993378658,-0.015324774594112966,-0.9264409899568076,-3.466846558169605,-1.5051598288446977,2725.0,63974.0,3.7,0.42,1.08
2021-06-16,1.581,72.15,4223.7,1861.4,-0.04614988449384505,-0.043818789524089574,-0.07164084725799835,-4.499868768561026,-4.232606922270137,-6.913118176421334,-256.0,27359.0,3.37,0.3299999999999999,1.65
2021-06-17,1.511,71.04,4221.86,1774.8,-0.00669310064969153,-0.003010196716955349,0.002362342009722518,-0.6670751740502249,-0.2550507971098368,0.2149275411275945,-1033.0,-6166.0,2.72,0.37,1.22
2021-06-18,1.443,71.64,4166.45,1769.0,-0.060972413379229096,-0.05364656276233859,-0.06028996878149684,-5.936735151273083,-5.173529699101219,-5.8508509141164575,-70.0,14341.0,1.89,0.32,1.46
2021-06-21,1.497,73.66,4224.79,1782.9,-0.1256472572528704,-0.22878067949745873,-0.16972086806615572,-11.172914806724824,-19.423972450856343,-15.92677304727382,-2378.0,-113206.0,0.51,0.14,1.85
2021-06-22,1.467,73.06,4246.44,1777.4,0.028952176531205964,-0.03418517088195294,-0.002134143914391373,2.9375364997333087,-3.360745969047466,-0.2036605869031349,2148.0,78146.0,1.8,1.71,1.21
2021-06-23,1.485,73.08,4241.84,1783.4,0.034732071919830076,0.06460552505732586,0.04505673759046669,3.532541050865263,6.7042008076542805,4.631519635984771,534.0,65973.0,2.69,0.95,1.52
2021-06-24,1.499,73.3,4266.49,1776.7,0.02827781557138387,0.029788992362831834,0.010330680830522354,2.8676542833149927,2.9453070447288257,1.0389359669979092,-913.0,-32876.0,2.14,0.54,1.6
2021-06-25,1.524,74.05,4280.7,1777.8,-0.09244272639009843,-0.09146728624500167,-0.09472356884301192,-8.830620342826279,-8.932441990462928,-9.037565177166243,610.0,17021.0,2.09,0.19,1.25
2021-06-28,1.482,72.91,4290.61,1780.7,0.08777561354212793,0.10104697154235787,0.14137544998305085,-0.6203374213773896,4.096306016768684,4.985288486729411,-2727.0,-93602.0,0.34,0.92,1.58
2021-06-29,1.475,72.98,4291.8,1763.6,0.04009372545854184,0.06104636925102547,0.038776896559661544,4.09083292310778,6.2322711086969615,3.9438768900042738,1625.0,51316.0,2.05,3.26,1.35
2021-06-30,1.468,73.47,4297.5,1771.6,-0.02379562895070997,0.032048918489389955,0.04977056308264416,-2.35661447600788,3.370586813405576,5.129199682311,1094.0,17341.0,3.45,0.49,1.26
2021-07-01,1.459,75.23,4319.94,1776.8,-0.04503466073287399,-0.05201787948928782,-0.07746592980642664,-4.403565316600113,-5.197258166433149,-7.454957526990327,-555.0,43985.0,2.6,0.6,1.38
2021-07-02,1.431,75.16,4352.34,1783.3,0.008583093410710063,-0.018433128840054103,0.022984772151480648,0.8775942655127641,-1.805797101449268,2.2891709168544656,-387.0,286.0,1.97,0.98,1.44
2021-07-06,1.352,73.37,4343.54,1794.2,0.012368388213666037,-0.003985556727454487,0.07410532173939632,1.5667204189712332,1.68994771182737,5.66594154750744,269.0,12167.0,1.43,0.28,1.51
2021-07-07,1.323,72.2,4358.13,1802.1,-0.010195334455605831,0.0007998637695649791,-0.002164419017462116,-1.0143248995200205,0.2382083172548888,-0.2316768581517377,33.0,10016.0,2.15,0.5700000000000001,1.22
2021-07-08,1.294,72.94,4320.82,1800.2,-0.030040978510172067,-0.06594265677670741,-0.09021918222269587,-2.9621157337032806,-6.309410030154193,-8.659239571288039,260.0,16901.0,2.55,0.56,1.0
2021-07-09,1.361,74.56,4369.55,1810.6,0.02843690908904506,0.014492324612287,0.014272120840011837,2.884509801237698,1.4846629648964575,1.468600859991491,-444.0,27166.0,3.96,0.87,1.81
2021-07-12,1.368,74.1,4384.63,1805.9,-0.021913932455360552,-0.012690963623963825,-0.055858084413361375,-3.40965147484386,-1.0721704227771718,-5.170795489037792,-340.0,-70830.0,0.38,0.2,2.02
2021-07-13,1.418,75.25,4369.21,1809.9,-0.010845794079312299,-0.020632114375819022,-0.04531076103508891,-1.0378375829077435,-1.9956564659427447,-4.430897111397816,275.0,83297.0,3.1100000000000003,0.8,1.48
2021-07-14,1.349,73.13,4374.3,1825.0,0.0025095157328323126,-0.007700932720780429,0.027118186577025583,0.2512667203109658,-0.3584461400286415,2.7711638166506893,308.0,21481.0,2.66,0.65,1.27
2021-07-15,1.301,71.65,4360.03,1829.0,-0.029304376396218856,-0.0032860518897805946,-0.038878363368939794,-2.88602271774986,-0.3280658730287596,-3.813712314203757,-104.0,30659.0,2.95,0.54,1.35
2021-07-16,1.3,71.81,4327.16,1815.0,-0.01519614348783982,-0.06621389575706527,-0.021527513098487105,-1.519900076837424,-6.423707275748588,-2.1766658502649823,189.0,26158.0,2.66,0.8300000000000001,1.56
2021-07-19,1.199,66.42,4258.63,1809.2,-0.01754919568740121,0.18152619423798377,-0.031812968372574524,-2.970896016122634,19.330162607964933,-3.860509870681906,-1671.0,-101758.0,0.52,1.3,2.04
2021-07-20,1.222,67.42,4323.21,1811.4,-0.03449884398664338,-0.09629945978076204,-0.01774298259224505,-3.391085673969689,-9.34927536231884,-1.7591905193983892,13704.0,33419.0,5.78,0.8,1.97
2021-07-21,1.292,70.3,4358.69,1803.4,0.07557216521425936,0.10502392286117157,0.11099934610165985,7.850141712939413,11.17858857417186,11.736290309038298,-12056.0,28868.0,5.29,1.75,2.16
2021-07-22,1.277,71.91,4367.48,1805.4,0.004735900249349001,0.023977769397417248,0.014210881962973154,0.420058296851153,2.3921207499388606,1.429709299121834,58.0,5584.0,3.76,0.4,1.74
2021-07-23,1.281,72.07,4411.8,1801.8,0.0412440347151648,0.0048014503576148115,0.048706670070711056,4.210606189653977,0.645361071426059,4.991233485615505,-977.0,125610.0,3.79,0.26,1.84
2021-07-26,1.295,71.91,4422.23,1799.2,0.10206307854189234,-0.004941985656800263,0.047068105627715795,5.178127624141743,1.74383687010238,1.6365776005984414,-3.0,-149638.0,0.0,0.0,0.0
2021-07-27,1.239,71.65,4401.46,1804.0,0.057558345867271044,0.027488805109478598,0.031944599932769435,5.924735580509874,2.7942344317710632,3.225184075092772,2093.0,69862.0,2.1500000000000004,1.0,1.82
2021-07-28,1.238,72.39,4400.65,1804.6,0.014203518600039544,0.041999131311578175,-7.389681834091277e-05,1.41632926748639,4.3949877156603065,0.0060862155911398,291.0,34067.0,3.84,0.91,1.56
2021-07-29,1.266,73.62,4419.15,1835.8,0.00010839899933934305,0.0754640466901293,0.0354027586567458,0.0108404874722525,7.754385505233779,3.588379491993947,666.0,8568.0,0.0,0.0,0.0
2021-07-30,1.226,73.95,4395.26,1817.2,0.053454137688081715,0.005994157145980061,0.03325098681555527,5.490861011043098,0.3864072016111424,3.374491812357625,-1191.0,77432.0,2.53,0.53,2.12
2021-08-02,1.179,71.26,4387.11,1822.2,-0.07592915618284302,-0.022667339761600402,0.056884194843694225,-1.7802423431691363,1.0203189589499673,2.039522846333519,-1725.0,-152227.0,0.3399999999999999,0.56,1.22
2021-08-03,1.174,70.56,4423.15,1814.1,-0.024778543108091355,-0.033692690416341264,-0.03902043567783142,-2.4474074951998075,-3.1575037147102667,-3.826894468045946,2432.0,59327.0,3.72,0.15,2.2
2021-08-04,1.18,68.15,4402.68,1814.5,0.03930410532702133,0.032758888258872076,0.0827527808356523,4.014229079273312,3.330136811149472,8.633819214085234,279.0,38002.0,3.98,0.2,1.82
2021-08-05,1.225,69.09,4429.1,1808.9,0.02893920746233647,0.018062807921602975,0.037685002861768346,2.945298082273166,1.7326855079989103,3.8404087040455632,323.0,13523.0,0.0,0.0,0.0
2021-08-06,1.305,68.28,4436.52,1763.1,0.04730776397927805,0.01757516599313469,0.02224010943584709,4.844488933747755,1.771815016679121,2.243867269366573,-369.0,132888.0,3.21,0.52,1.67
2021-08-09,1.325,66.48,4432.35,1726.5,0.0766658214947995,0.06664534359073926,0.08902514715714993,5.604329538674607,10.490131944358724,4.917521531989445,-1941.0,-167981.0,0.12,0.72,2.04
2021-08-10,1.354,68.29,4436.75,1731.7,-0.01501576844353636,-0.017040409852706162,-0.006424076289521352,-1.4786949006050054,-1.7598401464579891,-0.6400344050114878,2918.0,-5188.0,3.3,1.28,1.53
2021-08-11,1.335,69.25,4447.7,1753.3,-0.0009252966815100905,0.029678326462481586,0.006509452458555387,-0.1059826120975034,3.0931410733881823,0.6501855399754404,-1134.0,79880.0,3.55,0.88,1.81
2021-08-12,1.361,69.09,4460.84,1751.8,-0.025149246067860176,-0.005547227759312712,-0.03717121817932778,-2.4827289470969025,-0.4659019397860351,-3.635173425759602,252.0,-17738.0,2.58,3.3,2.31
2021-08-13,1.283,68.44,4468.0,1778.2,0.07399116385793647,0.12584148274344642,0.087095876948867,7.679704831936315,13.467503426386791,9.10012765775907,-198.0,94924.0,3.42,4.65,1.63
2021-08-16,1.268,67.29,4479.66,1789.8,-0.04121044725924783,-0.017099745158319024,-0.05499979000278721,-2.365063625214239,-6.9505968829702,-4.965841341942968,-664.0,-127101.0,0.35,0.32,2.78
2021-08-17,1.267,66.59,4448.08,1787.8,-0.027181205168348654,-0.03298202493994484,-0.044046934174341246,-2.6831233190177057,-3.387624738601533,-4.309095531684983,955.0,4453.0,3.33,0.3,2.22
2021-08-18,1.26,65.46,4400.27,1784.4,0.0008145039427898126,0.07581748184841874,0.0011185999085192577,0.073060440054864,7.917624609750707,0.086660003917966,67.0,45156.0,2.73,0.3399999999999999,2.2
2021-08-19,1.243,63.69,4405.8,1783.1,0.04500165419401547,0.048549340355627635,0.05481005002272177,4.600338633522044,5.0342867497687145,5.633994386905431,673.0,-12574.0,2.85,0.92,1.58
2021-08-20,1.255,62.32,4441.67,1784.0,0.053630088623568994,0.05571917279986227,0.03164328984932041,5.502317559786381,5.7756944822950205,3.2113606672696133,-1044.0,74474.0,4.91,0.37,1.46
2021-08-23,1.253,65.64,4479.54,1806.3,0.003320222091524272,0.15011472080099075,0.011056590237066288,0.4506904621707783,5.924513825822813,2.520816558226205,-421.0,-85672.0,0.41,0.14,1.32
2021-08-24,1.297,67.54,4486.23,1808.5,-0.037540568419984766,-0.08562585093037622,-0.04669313243126538,-3.680632863295545,-7.9753260225251985,-4.55163779508602,1053.0,-17521.0,3.86,1.02,1.81
2021-08-25,1.349,68.36,4496.19,1791.0,0.026998287581541547,0.06314661191267401,0.01780976225704123,2.736604348140678,6.537600463865217,1.815549963102429,259.0,43392.0,3.63,0.48,1.71
2021-08-26,1.354,67.42,4469.91,1795.2,-0.04457930832024992,-0.13070614817338733,-0.04281457674050415,-4.368302546744263,-12.281947913085206,-4.191097441234514,304.0,5370.0,2.1,0.56,1.62
2021-08-27,1.31,68.74,4509.37,1819.5,0.046419722688105125,0.0432521260280998,0.05701094689872477,4.751398408630505,4.389088638663416,5.883513164829552,-1419.0,10014.0,2.17,0.37,2.01
2021-08-30,1.28,69.21,4528.79,1812.2,-0.04338834464773633,-0.11368712398366654,-0.014041511946089713,-3.7065048610135007,-4.0133438025401125,0.0793441708379302,-733.0,-59169.0,0.11,0.43,1.24
2021-08-31,1.307,68.5,4522.68,1818.1,0.0025245956264345892,0.032827689283493555,0.0604517256179431,0.2461869744322955,3.2938045983914384,6.23130237657246,-369.0,-67348.0,1.94,0.37,1.25
2021-09-01,1.299,68.59,4524.09,1816.0,0.036008424142275786,0.06622065899665852,0.11007820725508566,3.6712330395477992,6.775093186023433,11.644023323615157,3371.0,108156.0,2.63,0.23,1.73
2021-09-02,1.285,69.99,4536.95,1811.5,0.008958752317107965,0.0015308174039416755,-0.010875266032504882,0.9114500943702156,0.1703898452675925,-1.0790512079262775,-1294.0,-50325.0,2.46,0.22,0.98
2021-09-03,1.326,69.29,4535.43,1833.7,0.015017345417160044,0.03311050368822954,0.039365696074384005,1.5130466332977457,3.301715388374454,4.008764056807986,-517.0,41101.0,2.5,0.34,1.2
2021-09-07,1.377,68.35,4520.03,1798.5,-0.06462248268323201,-0.17741862530529495,-0.13660859187675634,-11.014102787919274,-19.041402170174177,-12.51705390050703,-205.0,7400.0,1.94,0.2,1.26
2021-09-08,1.336,69.3,4514.07,1793.5,-0.017947687532256396,-0.0249615775813945,0.018272746890918512,-1.7787377578901005,-2.8050153481971942,1.8502946097330368,-388.0,-93821.0,2.42,0.33,1.44
2021-09-09,1.297,68.14,4493.28,1800.0,0.007346748977900219,0.0031039041160836334,-0.021773233566966255,0.738298834084451,0.4779944068704251,-2.131422987021156,673.0,5938.0,3.5,11.46,1.57
2021-09-10,1.343,69.72,4458.58,1792.1,-0.03394354126115573,-0.04825906756335474,-0.06487201226416062,-3.3296002738151844,-4.770993307589503,-6.264017381553126,-1583.0,-3627.0,3.33,3.57,1.69
2021-09-13,1.326,70.45,4468.73,1794.4,0.0021441186345363406,0.0191887957937098,0.023517021232271063,-2.3465818483612115,-3.323182711198424,-3.4552457393332805,-136.0,-32712.0,0.32,0.43,1.24
2021-09-14,1.284,70.46,4443.05,1807.1,0.04735071680631897,0.04471900129191386,0.04466051899055401,4.836115224645699,4.695201037613501,4.584467047716444,910.0,-49917.0,4.19,1.09,1.06
2021-09-15,1.304,72.61,4480.7,1794.8,0.02143133941783404,0.015082253108765542,0.05087924478373296,2.16498496323085,1.5176836377769118,5.219582747672639,481.0,16583.0,2.0,0.23,1.26
2021-09-16,1.336,72.61,4473.76,1756.7,-0.00823685008220032,-0.0037204706922633335,-0.013081470619884072,-0.8118763634868027,-0.4194867624901392,-1.3004469422072746,36.0,8592.0,3.77,0.65,1.79
2021-09-17,1.363,71.97,4432.99,1751.4,-0.009460954215537498,-0.043193857816538284,-0.048414743567880336,-0.9416132757734336,-4.213166023722484,-4.729080327395714,-1799.0,16990.0,2.69,0.12,1.59
2021-09-20,1.312,70.29,4357.73,1763.8,-0.09508259041201761,-0.15850848892367075,-0.13303403733457486,-8.974406454011755,-11.816834402628494,-10.581308018145217,-490.0,-59472.0,0.42,2.09,1.2
2021-09-21,1.328,70.56,4354.18,1778.2,-0.054792149108678245,-0.08042967330455131,-0.0734512425247118,-5.320188087293235,-7.679190921385314,-7.078108830920993,921.0,-64898.0,3.52,0.47,1.15
2021-09-22,1.304,72.23,4395.64,1778.8,0.06777633728600385,0.11155743957654085,0.10712957500118137,6.967384044062364,11.56659739038139,11.32233765951984,1018.0,68992.0,4.0,0.24,1.37
2021-09-23,1.435,73.3,4448.98,1749.8,0.02989823217738774,0.05142886683100745,0.02444831823514093,3.034754409561941,5.432388950377101,2.475295768608566,-355.0,-26451.0,3.79,0.17,1.71
2021-09-24,1.453,73.98,4455.48,1751.7,-0.04670367794924246,-0.1094730081467512,-0.0736574525126601,-4.560773600644158,-10.388275455386465,-7.095123667742404,-978.0,35863.0,2.82,0.13,1.27
2021-09-27,1.491,75.45,4443.11,1752.0,-0.015929637806745944,-0.07413072783410968,-0.0018238083704567032,-2.317256695690757,-4.954178330645209,-4.400441841616777,-1029.0,-74935.0,0.32,1.07,1.63
2021-09-28,1.546,75.29,4352.63,1737.5,-0.027543084425152742,-0.044314349781564566,-0.0417515429311468,-2.7041493552554114,-4.340278906478554,-4.121970973286809,1609.0,-23181.0,2.58,1.0499999999999998,1.46
2021-09-29,1.524,74.83,4359.46,1722.9,0.012019542332305733,0.037045102311820344,0.015732874696203325,1.199043923510959,3.6246784887785006,1.586090874096463,-14.0,53336.0,3.7,0.8700000000000001,1.68
2021-09-30,1.492,75.03,4307.54,1757.0,0.05396416382189351,0.08548481048129641,0.05139749436599761,5.552431157604293,9.043763317488924,5.290011966129887,-533.0,-18040.0,2.6100000000000003,0.54,1.56
2021-10-01,1.465,75.88,4357.05,1758.4,0.09445697073004133,0.06144517391617921,0.09853297091971847,9.895003044795343,6.330826253990585,10.330074571662768,-223.0,54659.0,4.699999999999999,0.64,1.4
2021-10-04,1.481,77.62,4300.46,1767.6,0.022170409964006765,-0.015275040117733951,0.022705040231656426,2.097172554043327,-2.180163989666408,-0.9483482131107837,-1363.0,-94887.0,0.39,0.3,1.02
2021-10-05,1.528,78.93,4345.72,1760.9,0.04464629668889586,0.048654005181457016,0.037121248728588796,4.56878819871526,4.747556909963673,3.791077386400546,166.0,-24356.0,4.69,0.51,0.83
2021-10-06,1.528,77.43,4363.55,1761.8,0.07202147602567166,0.012985290333667798,0.017078039995720218,7.455780870477687,1.1118085309608965,1.6657852987837034,1808.0,92786.0,4.46,0.47,1.16
2021-10-07,1.576,78.3,4399.76,1759.2,-0.028253631955708514,0.021040026436751624,0.003534164441004961,-2.7989437539015203,2.126292833545653,0.337205888520751,-359.0,-80123.0,3.82,1.04,1.27
2021-10-08,1.612,79.35,4391.36,1757.4,0.0030808761133034324,0.0024759086795898,-0.00686478836275306,0.2943195727719837,0.271217624387384,-0.692983507159712,-1305.0,41633.0,2.47,0.36,1.08
2021-10-11,1.628,80.52,4361.19,1755.7,0.06325266714637579,-0.03795693333968764,-0.0060762915393919315,5.128367837296696,0.3153464965773436,3.737316055348119,-1732.0,-92476.0,0.22,0.32,1.36
2021-10-12,1.572,80.64,4350.64,1759.3,-0.026123731143375295,-0.0103880594492054,-0.014719488620146493,-2.5760546442897327,-1.1427914966246888,-1.4564395008751536,2305.0,51309.0,2.95,0.58,1.06
2021-10-13,1.542,80.44,4363.8,1794.7,0.024032045195047758,0.014705218364081674,0.03313529845623542,2.432314199956792,1.5510701331782748,3.382070214344859,642.0,30035.0,4.21,0.5900000000000001,0.68
2021-10-14,1.516,81.31,4438.23,1797.9,-0.00013614949549456412,0.017866979107679093,0.04959211342787917,-0.0136140227572033,1.634275137459856,5.077831633147935,-805.0,-18771.0,2.56,0.46,0.82
2021-10-15,1.574,82.28,4471.37,1768.3,0.0728705580338822,0.03763993974215385,0.020380819240369163,7.559130125065569,3.8240508159581896,2.0751452100467964,-685.0,12514.0,1.91,0.3299999999999999,1.16
2021-10-18,1.591,82.44,4486.48,1765.7,0.005608971709317956,-0.03688497015941028,-0.03263495751544809,0.8326660444234889,0.3712219703237327,-2.648555640461823,-784.0,-42313.0,0.47,0.45,0.88
2021-10-19,1.641,82.96,4519.63,1770.5,0.03579028018406483,0.038915375391860074,0.03481361323852106,3.6438629066573793,3.999978583972247,3.5523466475129024,1771.0,27384.0,3.54,2.11,0.87
2021-10-20,1.66,83.87,4536.19,1784.9,0.026448318765691425,0.03814160739278982,0.07061791883240254,2.680117953804424,3.919932848233916,7.312130158443661,381.0,29047.0,4.36,0.8,0.81
2021-10-21,1.696,82.5,4549.78,1781.9,-0.05963715452770835,-0.025023194136870153,-0.026301930991431632,-5.781834518153695,-2.464504299130255,-2.5933303378561794,-987.0,-14214.0,5.5,0.75,0.84
2021-10-22,1.638,83.76,4544.9,1796.3,-0.02467957493278483,-0.007788928351502911,-0.02052293401659,-2.4377367311207148,-0.6941266209000809,-2.0330688189601704,526.0,28665.0,2.94,0.47,0.8
2021-10-25,1.633,83.76,4566.48,1806.8,0.03871982678492358,0.0645913271785945,0.06089903620149961,3.6741278377515294,2.694108947498153,3.4011988956637444,-1541.0,-54641.0,0.5800000000000001,0.24,1.09
2021-10-26,1.61,84.65,4574.79,1793.4,-0.044504089936348024,-0.04752701105562984,-0.02142220706743103,-4.350435528636074,-4.641986213252951,-2.124771389854912,1272.0,11772.0,4.08,0.79,0.71
2021-10-27,1.55,82.66,4551.68,1798.8,-0.03169052199816669,-0.1256532468927034,-0.05153702478115463,-3.1122504876669064,-11.896643633766836,-5.039700497798978,1230.0,69703.0,2.95,0.3399999999999999,1.21
2021-10-28,1.578,82.81,4596.42,1802.6,0.03589182700324933,0.04647979874911368,0.08878480519233456,3.6414994647016967,4.668670404188462,9.247795050518944,-606.0,-53405.0,2.4000000000000004,0.5,0.77
2021-10-29,1.561,83.57,4605.38,1783.9,0.027430585394137452,0.022483390237837853,0.030536881661072712,2.7810606844542782,2.26043181929621,3.1010318894653897,-519.0,45751.0,3.92,0.71,1.04
2021-11-01,1.561,84.05,4613.67,1795.8,-0.02154137146779256,0.00849348734646238,-0.0224937778506078,-0.6465440303771163,-1.8306375078437376,0.7593856854166697,-1748.0,-81792.0,0.57,0.37,0.8
2021-11-02,1.547,83.91,4630.65,1789.4,0.03730981248483012,0.056408583720306105,0.061046772014709205,3.7897743305050833,5.896970882615749,6.294862927347212,993.0,6452.0,3.09,0.28,0.98
2021-11-03,1.603,80.86,4660.57,1763.9,-0.005247158833590504,0.007753808178920352,0.002404066767555335,-0.523325930784849,0.7130240402367111,0.256841674520637,1044.0,91693.0,3.56,0.63,0.82
2021-11-04,1.53,78.81,4680.06,1793.5,-0.023974634035390352,-0.013537311567422883,-0.015075937221714852,-2.3689370370252694,-1.3446094241563982,-1.4962864220474303,-661.0,6597.0,1.58,0.21,1.1
2021-11-05,1.455,81.27,4697.53,1816.8,-0.007159649581357286,-0.023813794930628518,-0.012794325772640391,-0.7133918761470662,-2.3090952024477494,-1.2710650321568229,904.0,-12463.0,3.34,0.44,1.02
2021-11-08,1.493,81.93,4701.7,1828.0,0.10196503370510612,0.08760220680563258,0.07158728065956588,6.706332357802468,9.451466349004988,4.215261399051803,-1850.0,-36820.0,0.54,1.66,1.15
2021-11-09,1.439,84.15,4685.25,1830.8,-0.009073404528168183,0.09850249871931727,-0.01683071827939564,-0.9021950249377813,10.428198285698116,-1.6687829522287536,1459.0,4336.0,2.6,1.32,1.22
2021-11-10,1.57,81.34,4646.71,1848.3,-0.03083072038666934,-0.07621738903269115,-0.021225063412195766,-3.027483628319374,-7.338525122109512,-2.099932792006046,-50.0,91272.0,2.14,1.44,0.93
2021-11-11,1.578,81.59,4649.27,1863.9,-0.0016128614250305873,0.06714193580581274,0.01916867275199685,-0.1611561463022368,6.867417178902775,1.9351370722092889,-571.0,-58196.0,1.48,0.81,0.78
2021-11-12,1.57,80.79,4682.85,1868.5,-0.010231371378427667,-0.047911188238166424,-0.011615591323765884,-1.0181347194231332,-4.637068965517246,-1.138089458533755,1110.0,78488.0,1.91,0.6799999999999999,0.9
2021-11-15,1.618,80.88,4682.81,1866.6,-0.008191323908226522,0.01326354422347542,-0.022157658809671688,-2.870680312641644,-2.184953142179024,-1.3303477059877378,-1944.0,-54068.0,0.3999999999999999,0.63,1.63
2021-11-16,1.64,80.76,4700.9,1854.1,-0.05685741941305089,-0.12147971168843963,-0.08108778164799801,-5.5218673693691,-11.43277723258096,-7.774179837610698,906.0,-13927.0,1.94,0.9,0.76
2021-11-17,1.585,78.36,4688.67,1870.2,0.004043356514022989,-0.04665193305477988,0.018802987223141443,0.4158793881556558,-4.657446027058169,1.8886479219171832,1508.0,98465.0,3.03,0.47,0.78
2021-11-18,1.587,79.01,4706.64,1861.4,-0.058925776813392616,-0.0744790578434511,-0.07037013584817231,-5.7223257545668735,-7.20668917493142,-6.795122861006197,-928.0,-12256.0,2.05,0.6000000000000001,0.79
2021-11-19,1.548,76.1,4697.96,1851.6,0.021286811369122915,0.07403040840267572,0.07273363888985962,2.150673322265672,7.61482171670113,7.52719097077205,117.0,6763.0,0.0,0.0,0.0
2021-11-22,1.632,76.75,4682.95,1806.3,-0.03219337803205313,0.043927586096191185,-0.050170796071954626,-4.074246282930547,-4.697220670660065,-4.078779462543165,-1086.0,12356.0,2.47,0.36,1.33
2021-11-23,1.676,78.5,4690.7,1783.8,0.022593256726112898,-0.05385980872696727,0.05990798036463829,2.2850417398043863,-5.243506247442155,6.173624476360724,799.0,-25042.0,4.880000000000001,0.74,0.8
2021-11-24,1.643,78.39,4701.46,1784.3,-0.007045993174740417,0.08611473622042443,-0.016460436019908542,-0.6948776680712198,8.93911616107783,-1.6316640485721825,502.0,64275.0,2.57,0.41,0.61
2021-11-26,1.482,68.15,4594.62,1785.5,-0.061414533516240155,-0.1068406713198975,-0.05463441887850351,-8.877150361930699,-14.482437559647126,-10.677198958257394,-1579.0,-76663.0,2.02,0.5800000000000001,1.02
